"Date","Price","Open","High","Low","Vol.","Change %"
"09/04/2023","4.1355","4.1451","4.1501","4.1286","","-0.14%"
"09/01/2023","4.1414","4.1262","4.1494","4.1037","","0.44%"
"08/31/2023","4.1231","4.0907","4.1332","4.0825","","0.84%"
"08/30/2023","4.0886","4.1034","4.1238","4.0778","","-0.29%"
"08/29/2023","4.1004","4.1298","4.1483","4.0981","","-0.64%"
"08/28/2023","4.1270","4.1357","4.1459","4.1235","","-0.22%"
"08/25/2023","4.1359","4.1434","4.1563","4.1140","","-0.09%"
"08/24/2023","4.1395","4.1130","4.1517","4.1051","","0.74%"
"08/23/2023","4.1091","4.1233","4.1476","4.1055","","-0.29%"
"08/22/2023","4.1212","4.1084","4.1253","4.0784","","0.38%"
"08/21/2023","4.1054","4.1026","4.1198","4.0945","","0.22%"
"08/18/2023","4.0963","4.1098","4.1311","4.0975","","-0.24%"
"08/17/2023","4.1063","4.1080","4.1194","4.0934","","0.04%"
"08/16/2023","4.1048","4.1055","4.1132","4.0717","","0.05%"
"08/15/2023","4.1029","4.0800","4.1241","4.0736","","0.67%"
"08/14/2023","4.0754","4.0493","4.0991","4.0422","","0.71%"
"08/11/2023","4.0465","4.0512","4.0587","4.0231","","-0.03%"
"08/10/2023","4.0476","4.0700","4.0775","4.0258","","-0.50%"
"08/09/2023","4.0679","4.0729","4.0825","4.0517","","-0.05%"
"08/08/2023","4.0698","4.0216","4.0854","4.0174","","1.29%"
"08/07/2023","4.0181","4.0271","4.0465","4.0158","","-0.14%"
"08/04/2023","4.0239","4.0749","4.0823","4.0135","","-1.15%"
"08/03/2023","4.0709","4.0658","4.0982","4.0579","","0.21%"
"08/02/2023","4.0625","4.0495","4.0868","4.0309","","0.37%"
"08/01/2023","4.0474","4.0045","4.0598","3.9999","","1.11%"
"07/31/2023","4.0028","4.0055","4.0112","3.9843","","0.02%"
"07/28/2023","4.0021","4.0289","4.0484","3.9939","","-0.58%"
"07/27/2023","4.0254","3.9899","4.0375","3.9638","","0.96%"
"07/26/2023","3.9872","4.0087","4.0168","3.9823","","-0.46%"
"07/25/2023","4.0056","4.0216","4.0266","4.0001","","-0.36%"
"07/24/2023","4.0199","4.0115","4.0305","3.9948","","0.34%"
"07/21/2023","4.0061","4.0011","4.0219","3.9913","","0.20%"
"07/20/2023","3.9981","3.9757","4.0071","3.9628","","0.63%"
"07/19/2023","3.9731","3.9629","3.9880","3.9512","","0.32%"
"07/18/2023","3.9603","3.9544","3.9676","3.9352","","0.25%"
"07/17/2023","3.9505","3.9666","3.9754","3.9494","","-0.32%"
"07/14/2023","3.9631","3.9587","3.9869","3.9548","","0.16%"
"07/13/2023","3.9567","3.9873","3.9960","3.9558","","-0.63%"
"07/12/2023","3.9817","4.0325","4.0416","3.9799","","-1.18%"
"07/11/2023","4.0292","4.0399","4.0638","4.0231","","-0.17%"
"07/10/2023","4.0361","4.0615","4.0793","4.0372","","-0.50%"
"07/07/2023","4.0565","4.1189","4.1364","4.0566","","-1.43%"
"07/06/2023","4.1152","4.1132","4.1552","4.1023","","0.13%"
"07/05/2023","4.1099","4.0771","4.1187","4.0641","","0.90%"
"07/04/2023","4.0733","4.0665","4.0789","4.0487","","0.26%"
"07/03/2023","4.0627","4.0634","4.0886","4.0575","","0.07%"
"06/30/2023","4.0598","4.0940","4.1161","4.0603","","-0.75%"
"06/29/2023","4.0904","4.1030","4.1198","4.0642","","-0.28%"
"06/28/2023","4.1019","4.0581","4.1212","4.0554","","1.11%"
"06/27/2023","4.0568","4.0710","4.0755","4.0331","","-0.30%"
"06/26/2023","4.0689","4.0738","4.0792","4.0578","","-0.09%"
"06/23/2023","4.0726","4.0360","4.0941","4.0332","","0.94%"
"06/22/2023","4.0347","4.0354","4.0495","4.0211","","0.02%"
"06/21/2023","4.0339","4.0698","4.0810","4.0321","","-0.77%"
"06/20/2023","4.0654","4.0725","4.0877","4.0556","","-0.09%"
"06/19/2023","4.0691","4.0813","4.0940","4.0649","","-0.21%"
"06/16/2023","4.0776","4.0624","4.0960","4.0545","","0.43%"
"06/15/2023","4.0603","4.1097","4.1354","4.0580","","-1.13%"
"06/14/2023","4.1068","4.1545","4.1680","4.0938","","-1.09%"
"06/13/2023","4.1521","4.1329","4.1638","4.1193","","0.55%"
"06/12/2023","4.1294","4.1315","4.1423","4.1069","","0.00%"
"06/09/2023","4.1292","4.1481","4.1569","4.1227","","-0.37%"
"06/08/2023","4.1444","4.1933","4.2035","4.1463","","-1.13%"
"06/07/2023","4.1919","4.1845","4.2032","4.1635","","0.23%"
"06/06/2023","4.1822","4.1771","4.2094","4.1680","","0.17%"
"06/05/2023","4.1749","4.1930","4.2078","4.1722","","-0.34%"
"06/02/2023","4.1890","4.1993","4.2059","4.1690","","-0.21%"
"06/01/2023","4.1978","4.2347","4.2559","4.1968","","-0.85%"
"05/31/2023","4.2337","4.2266","4.2662","4.2207","","0.26%"
"05/30/2023","4.2229","4.2205","4.2379","4.2077","","0.16%"
"05/29/2023","4.2163","4.2233","4.2303","4.1994","","-0.08%"
"05/26/2023","4.2196","4.2006","4.2361","4.1889","","0.55%"
"05/25/2023","4.1964","4.1915","4.2161","4.1845","","0.20%"
"05/24/2023","4.1882","4.1658","4.1979","4.1502","","0.63%"
"05/23/2023","4.1621","4.1634","4.1898","4.1574","","0.01%"
"05/22/2023","4.1617","4.1989","4.2066","4.1595","","-0.81%"
"05/19/2023","4.1957","4.2207","4.2299","4.1719","","-0.53%"
"05/18/2023","4.2182","4.1704","4.2320","4.1654","","1.20%"
"05/17/2023","4.1680","4.1296","4.1829","4.1245","","0.97%"
"05/16/2023","4.1279","4.1410","4.1529","4.1132","","-0.29%"
"05/15/2023","4.1398","4.1670","4.1703","4.1383","","-0.55%"
"05/12/2023","4.1625","4.1589","4.1717","4.1463","","0.15%"
"05/11/2023","4.1564","4.1137","4.1667","4.1077","","1.09%"
"05/10/2023","4.1114","4.1526","4.1611","4.1053","","-0.94%"
"05/09/2023","4.1505","4.1445","4.1792","4.1414","","0.21%"
"05/08/2023","4.1417","4.1529","4.1561","4.1301","","-0.12%"
"05/05/2023","4.1468","4.1683","4.1758","4.1423","","-0.48%"
"05/04/2023","4.1668","4.1486","4.1736","4.1334","","0.50%"
"05/03/2023","4.1459","4.1630","4.1658","4.1372","","-0.38%"
"05/02/2023","4.1616","4.1981","4.2010","4.1587","","-0.85%"
"05/01/2023","4.1972","4.1624","4.2032","4.1607","","0.92%"
"04/28/2023","4.1590","4.1483","4.1827","4.1427","","0.31%"
"04/27/2023","4.1462","4.1520","4.1761","4.1379","","-0.08%"
"04/26/2023","4.1494","4.1882","4.1934","4.1255","","-0.87%"
"04/25/2023","4.1859","4.1621","4.1962","4.1561","","0.61%"
"04/24/2023","4.1607","4.1969","4.2063","4.1606","","-0.84%"
"04/21/2023","4.1959","4.1911","4.2135","4.1889","","0.19%"
"04/20/2023","4.1879","4.2186","4.2239","4.1835","","-0.65%"
"04/19/2023","4.2154","4.2105","4.2411","4.2028","","0.18%"
"04/18/2023","4.2079","4.2396","4.2435","4.2066","","-0.69%"
"04/17/2023","4.2372","4.2228","4.2457","4.2121","","0.44%"
"04/14/2023","4.2185","4.1950","4.2320","4.1834","","0.60%"
"04/13/2023","4.1933","4.2320","4.2396","4.1901","","-0.89%"
"04/12/2023","4.2308","4.2769","4.2818","4.2280","","-1.04%"
"04/11/2023","4.2752","4.3178","4.3197","4.2695","","-0.89%"
"04/10/2023","4.3138","4.2847","4.3302","4.2845","","0.76%"
"04/07/2023","4.2811","4.2909","4.3039","4.2814","","-0.14%"
"04/06/2023","4.2870","4.2956","4.3095","4.2819","","-0.11%"
"04/05/2023","4.2918","4.2701","4.3064","4.2623","","0.59%"
"04/04/2023","4.2665","4.2867","4.2975","4.2625","","-0.41%"
"04/03/2023","4.2841","4.3163","4.3436","4.2832","","-0.63%"
"03/31/2023","4.3113","4.2866","4.3205","4.2778","","0.60%"
"03/30/2023","4.2856","4.3231","4.3341","4.2816","","-0.81%"
"03/29/2023","4.3204","4.3134","4.3332","4.3091","","0.24%"
"03/28/2023","4.3099","4.3424","4.3446","4.3094","","-0.66%"
"03/27/2023","4.3385","4.3576","4.3623","4.3382","","-0.29%"
"03/24/2023","4.3511","4.3229","4.3804","4.3183","","0.68%"
"03/23/2023","4.3217","4.3179","4.3288","4.2832","","0.15%"
"03/22/2023","4.3154","4.3465","4.3628","4.2908","","-0.66%"
"03/21/2023","4.3442","4.3878","4.4010","4.3440","","-0.96%"
"03/20/2023","4.3863","4.4083","4.4350","4.3840","","-0.45%"
"03/17/2023","4.4063","4.4268","4.4368","4.4001","","-0.42%"
"03/16/2023","4.4247","4.4467","4.4630","4.4093","","-0.44%"
"03/15/2023","4.4442","4.3851","4.4717","4.3721","","1.37%"
"03/14/2023","4.3841","4.3619","4.3952","4.3576","","0.53%"
"03/13/2023","4.3610","4.3960","4.4125","4.3488","","-0.76%"
"03/10/2023","4.3942","4.4335","4.4382","4.3693","","-0.81%"
"03/09/2023","4.4301","4.4415","4.4451","4.4208","","-0.22%"
"03/08/2023","4.4397","4.4454","4.4655","4.4211","","-0.08%"
"03/07/2023","4.4431","4.3901","4.4509","4.3796","","1.32%"
"03/06/2023","4.3852","4.4285","4.4372","4.3839","","-0.89%"
"03/03/2023","4.4248","4.4320","4.4501","4.4208","","-0.13%"
"03/02/2023","4.4307","4.3804","4.4453","4.3756","","1.19%"
"03/01/2023","4.3786","4.4487","4.4550","4.3672","","-1.54%"
"02/28/2023","4.4470","4.4445","4.4590","4.4216","","0.14%"
"02/27/2023","4.4409","4.4759","4.4836","4.4363","","-0.73%"
"02/24/2023","4.4735","4.4599","4.4854","4.4503","","0.35%"
"02/23/2023","4.4580","4.4810","4.4946","4.4544","","-0.44%"
"02/22/2023","4.4777","4.4616","4.4847","4.4478","","0.42%"
"02/21/2023","4.4589","4.4376","4.4682","4.4329","","0.55%"
"02/20/2023","4.4345","4.4493","4.4659","4.4317","","-0.28%"
"02/17/2023","4.4469","4.4672","4.5033","4.4441","","-0.42%"
"02/16/2023","4.4656","4.4530","4.4885","4.4408","","0.33%"
"02/15/2023","4.4507","4.4467","4.4746","4.4311","","0.16%"
"02/14/2023","4.4437","4.4628","4.4734","4.4134","","-0.36%"
"02/13/2023","4.4596","4.4678","4.4960","4.4598","","-0.08%"
"02/10/2023","4.4630","4.4289","4.4819","4.4218","","0.85%"
"02/09/2023","4.4253","4.4236","4.4357","4.3914","","0.11%"
"02/08/2023","4.4206","4.4291","4.4338","4.3941","","-0.10%"
"02/07/2023","4.4251","4.4254","4.4760","4.4112","","0.05%"
"02/06/2023","4.4230","4.3696","4.4339","4.3626","","1.29%"
"02/03/2023","4.3665","4.2969","4.3742","4.2864","","1.66%"
"02/02/2023","4.2950","4.2803","4.3099","4.2639","","0.43%"
"02/01/2023","4.2764","4.3351","4.3420","4.2758","","-1.31%"
"01/31/2023","4.3331","4.3414","4.3649","4.3272","","-0.15%"
"01/30/2023","4.3395","4.3303","4.3486","4.3136","","0.29%"
"01/27/2023","4.3268","4.3246","4.3450","4.3185","","0.14%"
"01/26/2023","4.3209","4.3202","4.3465","4.3131","","0.09%"
"01/25/2023","4.3171","4.3285","4.3456","4.3156","","-0.21%"
"01/24/2023","4.3260","4.3288","4.3527","4.3218","","0.01%"
"01/23/2023","4.3256","4.3326","4.3460","4.3143","","-0.11%"
"01/20/2023","4.3303","4.3589","4.3676","4.3328","","-0.60%"
"01/19/2023","4.3565","4.3688","4.3977","4.3419","","-0.25%"
"01/18/2023","4.3676","4.3568","4.3769","4.3201","","0.33%"
"01/17/2023","4.3534","4.3340","4.3608","4.3165","","0.61%"
"01/16/2023","4.3271","4.3327","4.3565","4.3146","","0.00%"
"01/13/2023","4.3273","4.3256","4.3491","4.3140","","0.13%"
"01/12/2023","4.3216","4.3575","4.3726","4.3203","","-0.75%"
"01/11/2023","4.3541","4.3713","4.3796","4.3426","","-0.36%"
"01/10/2023","4.3697","4.3751","4.3848","4.3548","","0.02%"
"01/09/2023","4.3689","4.4109","4.4149","4.3637","","-0.80%"
"01/06/2023","4.4041","4.4524","4.4802","4.3998","","-1.03%"
"01/05/2023","4.4498","4.4011","4.4572","4.3889","","1.23%"
"01/04/2023","4.3957","4.4323","4.4349","4.3885","","-0.78%"
"01/03/2023","4.4302","4.3754","4.4564","4.3679","","1.36%"
"01/02/2023","4.3706","4.3816","4.3959","4.3691","","-0.16%"
"12/30/2022","4.3775","4.3853","4.4141","4.3622","","-0.13%"
"12/29/2022","4.3833","4.4168","4.4275","4.3747","","-0.70%"
"12/28/2022","4.4144","4.4005","4.4296","4.3933","","0.39%"
"12/27/2022","4.3974","4.3663","4.4246","4.3539","","0.80%"
"12/26/2022","4.3626","4.3719","4.3795","4.3638","","-0.17%"
"12/23/2022","4.3699","4.3802","4.3868","4.3628","","-0.15%"
"12/22/2022","4.3764","4.3932","4.3959","4.3659","","-0.32%"
"12/21/2022","4.3903","4.3976","4.4068","4.3749","","-0.11%"
"12/20/2022","4.3953","4.4195","4.4335","4.3875","","-0.51%"
"12/19/2022","4.4178","4.4230","4.4385","4.3974","","-0.04%"
"12/16/2022","4.4196","4.4143","4.4301","4.3955","","0.23%"
"12/15/2022","4.4096","4.3818","4.4366","4.3687","","0.71%"
"12/14/2022","4.3786","4.4084","4.4365","4.3785","","-0.64%"
"12/13/2022","4.4066","4.4530","4.4618","4.3948","","-0.97%"
"12/12/2022","4.4498","4.4472","4.4728","4.4332","","0.08%"
"12/09/2022","4.4461","4.4343","4.4636","4.4194","","0.34%"
"12/08/2022","4.4309","4.4665","4.4830","4.4317","","-0.74%"
"12/07/2022","4.4638","4.4808","4.4966","4.4529","","-0.30%"
"12/06/2022","4.4772","4.4893","4.5060","4.4548","","-0.18%"
"12/05/2022","4.4851","4.4372","4.4975","4.4124","","1.23%"
"12/02/2022","4.4307","4.4543","4.4979","4.4324","","-0.46%"
"12/01/2022","4.4510","4.4858","4.5174","4.4492","","-0.72%"
"11/30/2022","4.4834","4.5288","4.5447","4.4767","","-0.86%"
"11/29/2022","4.5222","4.5307","4.5359","4.4963","","-0.13%"
"11/28/2022","4.5279","4.5205","4.5414","4.4596","","0.52%"
"11/25/2022","4.5046","4.5122","4.5336","4.4982","","-0.05%"
"11/24/2022","4.5069","4.5235","4.5303","4.4999","","-0.31%"
"11/23/2022","4.5208","4.5653","4.5722","4.5177","","-0.92%"
"11/22/2022","4.5627","4.5869","4.5975","4.5633","","-0.47%"
"11/21/2022","4.5844","4.5518","4.6095","4.5493","","0.79%"
"11/18/2022","4.5484","4.5416","4.5616","4.5239","","0.23%"
"11/17/2022","4.5379","4.5195","4.5756","4.5073","","0.51%"
"11/16/2022","4.5150","4.5724","4.6270","4.4994","","-1.26%"
"11/15/2022","4.5727","4.5633","4.6136","4.4806","","0.29%"
"11/14/2022","4.5596","4.5216","4.5704","4.5164","","0.96%"
"11/11/2022","4.5163","4.5926","4.6151","4.5134","","-1.56%"
"11/10/2022","4.5880","4.7105","4.7502","4.5859","","-2.51%"
"11/09/2022","4.7061","4.6524","4.7182","4.6455","","1.21%"
"11/08/2022","4.6500","4.6607","4.7061","4.6411","","-0.17%"
"11/07/2022","4.6580","4.7056","4.7323","4.6564","","-0.93%"
"11/04/2022","4.7015","4.8156","4.8228","4.7008","","-2.33%"
"11/03/2022","4.8136","4.7903","4.8451","4.7774","","0.48%"
"11/02/2022","4.7906","4.7615","4.7976","4.7155","","0.69%"
"11/01/2022","4.7577","4.7729","4.7769","4.7274","","-0.25%"
"10/31/2022","4.7694","4.7361","4.7827","4.7320","","0.80%"
"10/28/2022","4.7316","4.7404","4.7651","4.7228","","-0.12%"
"10/27/2022","4.7375","4.7068","4.7550","4.6977","","0.72%"
"10/26/2022","4.7037","4.7844","4.7965","4.7025","","-1.60%"
"10/25/2022","4.7800","4.8467","4.8585","4.7683","","-1.34%"
"10/24/2022","4.8449","4.8425","4.8877","4.8340","","0.14%"
"10/21/2022","4.8382","4.8738","4.9342","4.8342","","-0.66%"
"10/20/2022","4.8704","4.9099","4.9290","4.8418","","-0.75%"
"10/19/2022","4.9073","4.8548","4.9208","4.8485","","1.18%"
"10/18/2022","4.8503","4.8740","4.9021","4.8495","","-0.43%"
"10/17/2022","4.8711","4.9398","4.9808","4.8710","","-1.32%"
"10/14/2022","4.9363","4.9120","4.9768","4.8932","","0.55%"
"10/13/2022","4.9091","4.9948","5.0324","4.8977","","-1.64%"
"10/12/2022","4.9908","4.9956","5.0168","4.9763","","-0.04%"
"10/11/2022","4.9927","5.0051","5.0292","4.9451","","-0.19%"
"10/10/2022","5.0021","4.9911","5.0426","4.9845","","0.32%"
"10/07/2022","4.9860","4.9927","5.0079","4.9464","","-0.06%"
"10/06/2022","4.9890","4.8745","4.9963","4.8547","","2.40%"
"10/05/2022","4.8719","4.8190","4.9179","4.8074","","1.16%"
"10/04/2022","4.8160","4.9142","4.9247","4.8116","","-1.95%"
"10/03/2022","4.9116","4.9548","4.9667","4.9022","","-0.76%"
"09/30/2022","4.9491","4.9455","4.9932","4.9268","","0.12%"
"09/29/2022","4.9430","4.9377","5.0521","4.9358","","0.20%"
"09/28/2022","4.9329","4.9893","5.0609","4.9349","","-1.05%"
"09/27/2022","4.9854","4.9486","5.0050","4.9132","","0.79%"
"09/26/2022","4.9462","4.9096","4.9563","4.8981","","0.81%"
"09/23/2022","4.9064","4.8289","4.9227","4.8222","","1.70%"
"09/22/2022","4.8242","4.8521","4.8780","4.8136","","-0.51%"
"09/21/2022","4.8488","4.7484","4.8667","4.7350","","2.24%"
"09/20/2022","4.7427","4.6929","4.7632","4.6806","","1.13%"
"09/19/2022","4.6896","4.7123","4.7370","4.6904","","-0.33%"
"09/16/2022","4.7052","4.7231","4.7491","4.7021","","-0.29%"
"09/15/2022","4.7189","4.7246","4.7487","4.7148","","-0.05%"
"09/14/2022","4.7211","4.7353","4.7487","4.7082","","-0.23%"
"09/13/2022","4.7318","4.6361","4.7372","4.6170","","2.12%"
"09/12/2022","4.6334","4.6702","4.6715","4.6049","","-0.69%"
"09/09/2022","4.6655","4.7078","4.7118","4.6529","","-0.83%"
"09/08/2022","4.7045","4.7045","4.7488","4.6961","","0.08%"
"09/07/2022","4.7006","4.7764","4.7972","4.7001","","-1.51%"
"09/06/2022","4.7729","4.7557","4.7857","4.7124","","0.46%"
"09/05/2022","4.7509","4.7414","4.7850","4.7414","","0.38%"
"09/02/2022","4.7329","4.7421","4.7531","4.6818","","-0.11%"
"09/01/2022","4.7379","4.6977","4.7602","4.6905","","0.90%"
"08/31/2022","4.6955","4.7180","4.7525","4.6823","","-0.40%"
"08/30/2022","4.7142","4.7367","4.7446","4.7035","","-0.39%"
"08/29/2022","4.7327","4.7534","4.7927","4.7172","","-0.35%"
"08/26/2022","4.7492","4.7506","4.7660","4.7062","","0.07%"
"08/25/2022","4.7459","4.7866","4.7900","4.7431","","-0.72%"
"08/24/2022","4.7802","4.7868","4.8166","4.7659","","-0.06%"
"08/23/2022","4.7830","4.7908","4.8247","4.7649","","-0.06%"
"08/22/2022","4.7861","4.7306","4.8022","4.7239","","1.27%"
"08/19/2022","4.7260","4.6887","4.7373","4.6804","","0.92%"
"08/18/2022","4.6830","4.6185","4.6978","4.6121","","1.49%"
"08/17/2022","4.6141","4.5926","4.6388","4.5840","","0.55%"
"08/16/2022","4.5889","4.6066","4.6472","4.5802","","-0.28%"
"08/15/2022","4.6020","4.5426","4.6164","4.5348","","1.47%"
"08/12/2022","4.5352","4.5396","4.5600","4.5335","","0.01%"
"08/11/2022","4.5348","4.5405","4.5550","4.5141","","-0.04%"
"08/10/2022","4.5367","4.6031","4.6234","4.5081","","-1.35%"
"08/09/2022","4.5986","4.6077","4.6208","4.5877","","-0.08%"
"08/08/2022","4.6024","4.6249","4.6388","4.5981","","-0.37%"
"08/05/2022","4.6193","4.5995","4.6438","4.5868","","0.56%"
"08/04/2022","4.5935","4.6203","4.6472","4.5945","","-0.48%"
"08/03/2022","4.6156","4.6453","4.6625","4.5974","","-0.53%"
"08/02/2022","4.6400","4.5988","4.6533","4.5833","","0.97%"
"08/01/2022","4.5952","4.6398","4.6463","4.5828","","-0.73%"
"07/29/2022","4.6289","4.6672","4.6844","4.6139","","-0.72%"
"07/28/2022","4.6627","4.6915","4.7424","4.6657","","-0.53%"
"07/27/2022","4.6876","4.7064","4.7512","4.6773","","-0.31%"
"07/26/2022","4.7024","4.6231","4.7160","4.6042","","1.81%"
"07/25/2022","4.6188","4.6410","4.6570","4.5782","","-0.35%"
"07/22/2022","4.6352","4.6567","4.7104","4.6226","","-0.36%"
"07/21/2022","4.6521","4.6874","4.6928","4.6281","","-0.66%"
"07/20/2022","4.6828","4.6463","4.7077","4.6238","","0.91%"
"07/19/2022","4.6407","4.7280","4.7410","4.6281","","-1.77%"
"07/18/2022","4.7244","4.7394","4.7463","4.6859","","-0.19%"
"07/15/2022","4.7335","4.8091","4.8156","4.7301","","-1.51%"
"07/14/2022","4.8062","4.8021","4.8403","4.7910","","0.19%"
"07/13/2022","4.7969","4.8011","4.8436","4.7685","","0.01%"
"07/12/2022","4.7966","4.7839","4.8525","4.7724","","0.38%"
"07/11/2022","4.7786","4.6881","4.7923","4.6874","","2.10%"
"07/08/2022","4.6805","4.7062","4.7653","4.6781","","-0.46%"
"07/07/2022","4.7022","4.6939","4.7234","4.6646","","0.28%"
"07/06/2022","4.6889","4.6248","4.7225","4.6162","","1.46%"
"07/05/2022","4.6214","4.5228","4.6594","4.5124","","2.27%"
"07/04/2022","4.5190","4.4972","4.5326","4.4881","","0.62%"
"07/01/2022","4.4910","4.4825","4.5390","4.4795","","0.24%"
"06/30/2022","4.4802","4.4717","4.5220","4.4530","","0.28%"
"06/29/2022","4.4679","4.4654","4.4816","4.4424","","0.13%"
"06/28/2022","4.4619","4.4247","4.4707","4.4134","","0.92%"
"06/27/2022","4.4213","4.4446","4.4597","4.4149","","-0.37%"
"06/24/2022","4.4378","4.4756","4.4843","4.4379","","-0.78%"
"06/23/2022","4.4726","4.4474","4.4959","4.4370","","0.63%"
"06/22/2022","4.4448","4.4010","4.4692","4.3985","","1.09%"
"06/21/2022","4.3967","4.4170","4.4264","4.3863","","-0.31%"
"06/20/2022","4.4103","4.4587","4.4700","4.4100","","-0.91%"
"06/17/2022","4.4509","4.4784","4.4925","4.4520","","-0.51%"
"06/16/2022","4.4738","4.4623","4.5453","4.4544","","0.37%"
"06/15/2022","4.4572","4.4735","4.5106","4.4409","","-0.29%"
"06/14/2022","4.4700","4.4686","4.4834","4.4295","","0.16%"
"06/13/2022","4.4630","4.3776","4.4784","4.3766","","2.02%"
"06/10/2022","4.3746","4.3394","4.3968","4.3193","","0.89%"
"06/09/2022","4.3358","4.2801","4.3428","4.2613","","1.38%"
"06/08/2022","4.2769","4.2759","4.2961","4.2533","","0.16%"
"06/07/2022","4.2702","4.2846","4.3067","4.2720","","-0.29%"
"06/06/2022","4.2825","4.2765","4.2968","4.2656","","0.20%"
"06/03/2022","4.2738","4.2610","4.2940","4.2506","","0.46%"
"06/02/2022","4.2542","4.3089","4.3127","4.2537","","-1.19%"
"06/01/2022","4.3053","4.2699","4.3232","4.2618","","0.93%"
"05/31/2022","4.2656","4.2530","4.2910","4.2509","","0.44%"
"05/30/2022","4.2470","4.2614","4.2715","4.2368","","-0.21%"
"05/27/2022","4.2561","4.2926","4.3033","4.2533","","-0.78%"
"05/26/2022","4.2894","4.3074","4.3261","4.2888","","-0.32%"
"05/25/2022","4.3033","4.2828","4.3403","4.2786","","0.64%"
"05/24/2022","4.2760","4.3134","4.3293","4.2748","","-0.79%"
"05/23/2022","4.3101","4.3811","4.3843","4.3074","","-1.53%"
"05/20/2022","4.3769","4.3899","4.4049","4.3746","","-0.14%"
"05/19/2022","4.3830","4.4401","4.4465","4.3833","","-1.17%"
"05/18/2022","4.4349","4.4117","4.4440","4.4025","","0.65%"
"05/17/2022","4.4062","4.4644","4.4694","4.4027","","-1.22%"
"05/16/2022","4.4607","4.4967","4.5100","4.4613","","-0.72%"
"05/13/2022","4.4930","4.4957","4.5278","4.4798","","0.10%"
"05/12/2022","4.4885","4.4458","4.5047","4.4369","","1.11%"
"05/11/2022","4.4394","4.4466","4.4531","4.4054","","-0.04%"
"05/10/2022","4.4413","4.4437","4.4531","4.4184","","0.06%"
"05/09/2022","4.4385","4.4675","4.4964","4.4262","","-0.52%"
"05/06/2022","4.4615","4.4569","4.4795","4.4331","","0.19%"
"05/05/2022","4.4531","4.3764","4.4732","4.3686","","1.99%"
"05/04/2022","4.3662","4.4598","4.4717","4.3705","","-2.00%"
"05/03/2022","4.4554","4.4674","4.4881","4.4394","","-0.19%"
"05/02/2022","4.4638","4.4323","4.4776","4.4170","","0.79%"
"04/29/2022","4.4286","4.4693","4.4733","4.3990","","-0.76%"
"04/28/2022","4.4623","4.4592","4.4936","4.4223","","0.18%"
"04/27/2022","4.4543","4.4332","4.4759","4.4127","","0.61%"
"04/26/2022","4.4272","4.3344","4.4430","4.3196","","2.26%"
"04/25/2022","4.3293","4.3088","4.3584","4.2933","","0.57%"
"04/22/2022","4.3048","4.2827","4.3179","4.2698","","0.66%"
"04/21/2022","4.2764","4.2748","4.2897","4.2474","","0.17%"
"04/20/2022","4.2692","4.3054","4.3155","4.2597","","-0.75%"
"04/19/2022","4.3016","4.2888","4.3151","4.2768","","0.39%"
"04/18/2022","4.2847","4.2748","4.3004","4.2661","","0.27%"
"04/15/2022","4.2730","4.2857","4.3006","4.2738","","-0.15%"
"04/14/2022","4.2796","4.2596","4.3240","4.2427","","0.63%"
"04/13/2022","4.2527","4.2868","4.2955","4.2542","","-0.68%"
"04/12/2022","4.2818","4.2839","4.3000","4.2606","","0.09%"
"04/11/2022","4.2781","4.2606","4.2891","4.2469","","0.55%"
"04/08/2022","4.2549","4.2604","4.2831","4.2537","","0.02%"
"04/07/2022","4.2541","4.2808","4.2835","4.2336","","-0.54%"
"04/06/2022","4.2773","4.2628","4.2884","4.2133","","0.42%"
"04/05/2022","4.2595","4.2141","4.2713","4.2039","","1.21%"
"04/04/2022","4.2085","4.1981","4.2266","4.1939","","0.37%"
"04/01/2022","4.1931","4.1989","4.2133","4.1883","","0.00%"
"03/31/2022","4.1933","4.1579","4.2100","4.1489","","0.96%"
"03/30/2022","4.1533","4.2031","4.2083","4.1499","","-1.02%"
"03/29/2022","4.1959","4.2726","4.2965","4.1704","","-1.71%"
"03/28/2022","4.2688","4.2610","4.3165","4.2608","","0.29%"
"03/25/2022","4.2566","4.3394","4.3446","4.2600","","-1.78%"
"03/24/2022","4.3338","4.2882","4.3424","4.2824","","1.15%"
"03/23/2022","4.2844","4.2410","4.2973","4.2344","","1.20%"
"03/22/2022","4.2336","4.2599","4.2856","4.2354","","-0.47%"
"03/21/2022","4.2534","4.2667","4.2764","4.2273","","-0.21%"
"03/18/2022","4.2622","4.2242","4.2889","4.2101","","1.03%"
"03/17/2022","4.2188","4.2225","4.2581","4.1982","","0.01%"
"03/16/2022","4.2184","4.2993","4.3072","4.2182","","-1.81%"
"03/15/2022","4.2963","4.3394","4.3411","4.2875","","-0.90%"
"03/14/2022","4.3355","4.3842","4.3931","4.2904","","-1.00%"
"03/11/2022","4.3794","4.3590","4.3899","4.3260","","0.64%"
"03/10/2022","4.3515","4.3114","4.3974","4.3078","","1.09%"
"03/09/2022","4.3045","4.4686","4.4844","4.2931","","-3.51%"
"03/08/2022","4.4611","4.5905","4.6048","4.4400","","-2.66%"
"03/07/2022","4.5831","4.4708","4.6159","4.4686","","2.60%"
"03/04/2022","4.4669","4.3491","4.4878","4.3467","","2.87%"
"03/03/2022","4.3421","4.2645","4.3595","4.2629","","1.92%"
"03/02/2022","4.2605","4.2670","4.3549","4.2558","","-0.01%"
"03/01/2022","4.2608","4.1904","4.3123","4.1668","","1.87%"
"02/28/2022","4.1827","4.2006","4.2243","4.1686","","1.90%"
"02/25/2022","4.1046","4.1338","4.1817","4.1028","","-0.56%"
"02/24/2022","4.1276","4.0550","4.2432","4.0530","","1.92%"
"02/23/2022","4.0497","4.0136","4.0573","3.9880","","1.04%"
"02/22/2022","4.0080","4.0163","4.0350","3.9941","","-0.09%"
"02/21/2022","4.0118","3.9990","4.0191","3.9615","","0.42%"
"02/18/2022","3.9949","3.9836","4.0124","3.9666","","0.39%"
"02/17/2022","3.9794","3.9539","3.9901","3.9486","","0.77%"
"02/16/2022","3.9490","3.9592","3.9685","3.9375","","-0.15%"
"02/15/2022","3.9551","4.0233","4.0349","3.9524","","-1.55%"
"02/14/2022","4.0172","4.0276","4.0568","3.9992","","-0.09%"
"02/11/2022","4.0210","3.9421","4.0404","3.9372","","2.08%"
"02/10/2022","3.9391","3.9331","3.9616","3.9129","","0.24%"
"02/09/2022","3.9295","3.9663","3.9718","3.9237","","-0.84%"
"02/08/2022","3.9629","3.9650","3.9859","3.9597","","0.03%"
"02/07/2022","3.9618","3.9853","3.9961","3.9616","","-0.58%"
"02/04/2022","3.9848","3.9699","4.0015","3.9544","","0.48%"
"02/03/2022","3.9657","4.0160","4.0303","3.9557","","-1.16%"
"02/02/2022","4.0123","4.0549","4.0598","4.0087","","-0.94%"
"02/01/2022","4.0505","4.0797","4.0862","4.0503","","-0.66%"
"01/31/2022","4.0773","4.1122","4.1244","4.0739","","-0.68%"
"01/28/2022","4.1054","4.0912","4.1262","4.0855","","0.44%"
"01/27/2022","4.0874","4.0793","4.1065","4.0743","","0.27%"
"01/26/2022","4.0765","4.0539","4.0863","4.0489","","0.62%"
"01/25/2022","4.0513","4.0314","4.0785","4.0276","","0.56%"
"01/24/2022","4.0286","3.9943","4.0499","3.9875","","0.98%"
"01/21/2022","3.9895","4.0013","4.0114","3.9736","","-0.18%"
"01/20/2022","3.9965","3.9880","4.0069","3.9718","","0.32%"
"01/19/2022","3.9838","4.0016","4.0143","3.9804","","-0.35%"
"01/18/2022","3.9977","3.9662","4.0114","3.9590","","0.89%"
"01/17/2022","3.9623","3.9739","3.9832","3.9534","","-0.19%"
"01/14/2022","3.9699","3.9650","3.9846","3.9506","","0.20%"
"01/13/2022","3.9621","3.9559","3.9674","3.9423","","0.26%"
"01/12/2022","3.9519","3.9915","4.0016","3.9491","","-0.92%"
"01/11/2022","3.9886","4.0089","4.0173","3.9885","","-0.42%"
"01/10/2022","4.0053","4.0029","4.0231","3.9959","","0.16%"
"01/07/2022","3.9991","4.0318","4.0364","3.9975","","-0.71%"
"01/06/2022","4.0277","4.0441","4.0602","4.0188","","-0.28%"
"01/05/2022","4.0391","4.0439","4.0494","4.0241","","-0.03%"
"01/04/2022","4.0405","4.0525","4.0634","4.0321","","-0.22%"
"01/03/2022","4.0493","4.0366","4.0604","4.0317","","0.44%"
"12/31/2021","4.0315","4.0537","4.0648","4.0275","","-0.44%"
"12/30/2021","4.0492","4.0498","4.0759","4.0448","","0.09%"
"12/29/2021","4.0456","4.0690","4.0855","4.0436","","-0.45%"
"12/28/2021","4.0640","4.0645","4.0737","4.0539","","0.10%"
"12/27/2021","4.0599","4.0817","4.0942","4.0581","","-0.41%"
"12/24/2021","4.0765","4.0891","4.0934","4.0717","","-0.19%"
"12/23/2021","4.0841","4.0909","4.1019","4.0809","","-0.07%"
"12/22/2021","4.0868","4.0942","4.1096","4.0817","","-0.09%"
"12/21/2021","4.0905","4.1045","4.1107","4.0873","","-0.20%"
"12/20/2021","4.0988","4.1213","4.1272","4.0943","","-0.43%"
"12/17/2021","4.1166","4.0884","4.1259","4.0784","","0.77%"
"12/16/2021","4.0850","4.0929","4.1033","4.0778","","-0.09%"
"12/15/2021","4.0886","4.1102","4.1248","4.0881","","-0.44%"
"12/14/2021","4.1066","4.1102","4.1206","4.0888","","-0.02%"
"12/13/2021","4.1075","4.0809","4.1134","4.0787","","0.76%"
"12/10/2021","4.0764","4.0760","4.1029","4.0708","","0.14%"
"12/09/2021","4.0709","4.0666","4.0884","4.0601","","0.21%"
"12/08/2021","4.0622","4.0675","4.0796","4.0486","","-0.02%"
"12/07/2021","4.0630","4.0711","4.0945","4.0637","","-0.05%"
"12/06/2021","4.0652","4.0644","4.0842","4.0549","","0.12%"
"12/03/2021","4.0604","4.0693","4.0946","4.0506","","-0.11%"
"12/02/2021","4.0649","4.0833","4.0893","4.0473","","-0.36%"
"12/01/2021","4.0794","4.1081","4.1173","4.0641","","-0.59%"
"11/30/2021","4.1036","4.1445","4.1540","4.0966","","-0.91%"
"11/29/2021","4.1412","4.1637","4.1792","4.1426","","-0.34%"
"11/26/2021","4.1553","4.1711","4.1939","4.1556","","-0.24%"
"11/25/2021","4.1652","4.1773","4.1812","4.1556","","-0.18%"
"11/24/2021","4.1729","4.1810","4.1911","4.1556","","-0.10%"
"11/23/2021","4.1770","4.1883","4.2036","4.1719","","-0.18%"
"11/22/2021","4.1845","4.1617","4.1958","4.1527","","0.63%"
"11/19/2021","4.1581","4.1065","4.1681","4.1006","","1.35%"
"11/18/2021","4.1029","4.1182","4.1215","4.1002","","-0.29%"
"11/17/2021","4.1150","4.1124","4.1283","4.1028","","0.15%"
"11/16/2021","4.1090","4.0823","4.1178","4.0771","","0.75%"
"11/15/2021","4.0786","4.0532","4.0881","4.0368","","0.77%"
"11/12/2021","4.0476","4.0481","4.0652","4.0405","","0.05%"
"11/11/2021","4.0454","4.0166","4.0520","4.0086","","0.82%"
"11/10/2021","4.0125","3.9604","4.0226","3.9573","","1.43%"
"11/09/2021","3.9559","3.9637","3.9729","3.9522","","-0.09%"
"11/08/2021","3.9595","3.9774","3.9834","3.9552","","-0.32%"
"11/05/2021","3.9723","3.9837","4.0093","3.9714","","-0.06%"
"11/04/2021","3.9748","3.9459","3.9973","3.9423","","0.81%"
"11/03/2021","3.9427","3.9802","3.9841","3.9439","","-0.84%"
"11/02/2021","3.9760","3.9774","3.9888","3.9646","","0.05%"
"11/01/2021","3.9739","3.9890","4.0008","3.9741","","-0.25%"
"10/29/2021","3.9837","3.9600","4.0003","3.9509","","0.68%"
"10/28/2021","3.9566","3.9826","3.9999","3.9498","","-0.56%"
"10/27/2021","3.9790","3.9748","3.9906","3.9675","","0.17%"
"10/26/2021","3.9723","3.9743","3.9857","3.9550","","0.02%"
"10/25/2021","3.9717","3.9532","3.9861","3.9406","","0.56%"
"10/22/2021","3.9496","3.9604","3.9662","3.9480","","-0.16%"
"10/21/2021","3.9561","3.9328","3.9681","3.9265","","0.68%"
"10/20/2021","3.9293","3.9364","3.9535","3.9289","","-0.03%"
"10/19/2021","3.9303","3.9515","3.9529","3.9182","","-0.45%"
"10/18/2021","3.9480","3.9397","3.9609","3.9290","","0.30%"
"10/15/2021","3.9361","3.9395","3.9524","3.9274","","0.01%"
"10/14/2021","3.9358","3.9446","3.9555","3.9313","","-0.12%"
"10/13/2021","3.9407","3.9739","3.9792","3.9415","","-0.74%"
"10/12/2021","3.9701","3.9731","3.9786","3.9602","","0.01%"
"10/11/2021","3.9698","3.9801","3.9975","3.9590","","-0.08%"
"10/08/2021","3.9728","3.9678","4.0007","3.9615","","0.22%"
"10/07/2021","3.9642","3.9358","3.9692","3.9272","","0.80%"
"10/06/2021","3.9328","3.9710","4.0090","3.9335","","-0.89%"
"10/05/2021","3.9680","3.9550","3.9858","3.9464","","0.43%"
"10/04/2021","3.9512","3.9474","3.9598","3.9225","","0.17%"
"10/01/2021","3.9446","3.9793","3.9918","3.9430","","-0.80%"
"09/30/2021","3.9763","3.9956","4.0167","3.9582","","-0.41%"
"09/29/2021","3.9926","3.9676","3.9993","3.9597","","0.71%"
"09/28/2021","3.9646","3.9309","3.9746","3.9276","","0.95%"
"09/27/2021","3.9271","3.9300","3.9390","3.9209","","0.09%"
"09/24/2021","3.9236","3.9297","3.9427","3.9209","","-0.09%"
"09/23/2021","3.9270","3.9541","3.9604","3.9186","","-0.61%"
"09/22/2021","3.9510","3.9409","3.9601","3.9288","","0.35%"
"09/21/2021","3.9371","3.9275","3.9481","3.9191","","0.34%"
"09/20/2021","3.9239","3.9155","3.9349","3.9104","","0.32%"
"09/17/2021","3.9113","3.8877","3.9205","3.8821","","0.68%"
"09/16/2021","3.8850","3.8631","3.9002","3.8572","","0.66%"
"09/15/2021","3.8594","3.8523","3.8718","3.8442","","0.26%"
"09/14/2021","3.8493","3.8530","3.8614","3.8405","","-0.01%"
"09/13/2021","3.8495","3.8462","3.8666","3.8421","","0.14%"
"09/10/2021","3.8441","3.8435","3.8504","3.8351","","0.10%"
"09/09/2021","3.8401","3.8239","3.8529","3.8170","","0.50%"
"09/08/2021","3.8210","3.8091","3.8307","3.8051","","0.39%"
"09/07/2021","3.8061","3.8110","3.8194","3.8015","","-0.03%"
"09/06/2021","3.8071","3.7936","3.8184","3.7891","","0.45%"
"09/03/2021","3.7900","3.8008","3.8078","3.7865","","-0.20%"
"09/02/2021","3.7977","3.8071","3.8150","3.7977","","-0.14%"
"09/01/2021","3.8032","3.8305","3.8412","3.7963","","-0.63%"
"08/31/2021","3.8273","3.8661","3.8720","3.8173","","-0.92%"
"08/30/2021","3.8627","3.8795","3.8846","3.8609","","-0.34%"
"08/27/2021","3.8758","3.8930","3.9037","3.8750","","-0.39%"
"08/26/2021","3.8910","3.8850","3.8977","3.8794","","0.22%"
"08/25/2021","3.8824","3.8909","3.9063","3.8821","","-0.12%"
"08/24/2021","3.8872","3.9019","3.9129","3.8850","","-0.31%"
"08/23/2021","3.8993","3.9172","3.9230","3.8983","","-0.37%"
"08/20/2021","3.9137","3.9267","3.9368","3.9138","","-0.22%"
"08/19/2021","3.9224","3.8904","3.9313","3.8866","","0.89%"
"08/18/2021","3.8877","3.8977","3.9021","3.8775","","-0.19%"
"08/17/2021","3.8952","3.8727","3.9017","3.8696","","0.65%"
"08/16/2021","3.8699","3.8718","3.8821","3.8668","","0.03%"
"08/13/2021","3.8688","3.9021","3.9048","3.8672","","-0.76%"
"08/12/2021","3.8984","3.9023","3.9153","3.8933","","0.01%"
"08/11/2021","3.8982","3.9053","3.9227","3.8934","","-0.09%"
"08/10/2021","3.9017","3.8897","3.9119","3.8817","","0.39%"
"08/09/2021","3.8867","3.8886","3.8993","3.8774","","-0.03%"
"08/06/2021","3.8880","3.8417","3.8948","3.8345","","1.31%"
"08/05/2021","3.8378","3.8405","3.8579","3.8324","","0.03%"
"08/04/2021","3.8366","3.8385","3.8469","3.8096","","0.06%"
"08/03/2021","3.8343","3.8408","3.8454","3.8264","","-0.07%"
"08/02/2021","3.8369","3.8489","3.8540","3.8282","","-0.19%"
"07/30/2021","3.8441","3.8450","3.8591","3.8319","","0.05%"
"07/29/2021","3.8420","3.8816","3.8844","3.8417","","-0.92%"
"07/28/2021","3.8777","3.8911","3.9084","3.8791","","-0.30%"
"07/27/2021","3.8892","3.8918","3.9090","3.8777","","0.02%"
"07/26/2021","3.8885","3.8844","3.9025","3.8811","","0.20%"
"07/23/2021","3.8806","3.8787","3.8921","3.8723","","0.15%"
"07/22/2021","3.8748","3.8809","3.8893","3.8538","","-0.05%"
"07/21/2021","3.8768","3.8983","3.9153","3.8756","","-0.43%"
"07/20/2021","3.8937","3.8956","3.9128","3.8905","","0.05%"
"07/19/2021","3.8918","3.8835","3.9027","3.8761","","0.32%"
"07/16/2021","3.8794","3.8795","3.8932","3.8721","","0.09%"
"07/15/2021","3.8758","3.8558","3.8878","3.8538","","0.62%"
"07/14/2021","3.8521","3.8876","3.9011","3.8540","","-0.82%"
"07/13/2021","3.8838","3.8393","3.8914","3.8323","","1.26%"
"07/12/2021","3.8354","3.8284","3.8505","3.8212","","0.25%"
"07/09/2021","3.8259","3.8361","3.8468","3.8252","","-0.13%"
"07/08/2021","3.8309","3.8451","3.8540","3.8296","","-0.24%"
"07/07/2021","3.8402","3.8171","3.8517","3.8113","","0.72%"
"07/06/2021","3.8129","3.7952","3.8217","3.7806","","0.63%"
"07/05/2021","3.7892","3.8014","3.8120","3.7888","","-0.18%"
"07/02/2021","3.7960","3.8119","3.8363","3.7974","","-0.32%"
"07/01/2021","3.8083","3.8129","3.8235","3.7936","","-0.03%"
"06/30/2021","3.8093","3.7991","3.8223","3.7878","","0.35%"
"06/29/2021","3.7961","3.7748","3.8059","3.7710","","0.65%"
"06/28/2021","3.7717","3.7823","3.7910","3.7696","","-0.23%"
"06/25/2021","3.7803","3.7869","3.7916","3.7676","","-0.08%"
"06/24/2021","3.7834","3.8017","3.8078","3.7800","","-0.39%"
"06/23/2021","3.7982","3.7803","3.8110","3.7750","","0.56%"
"06/22/2021","3.7771","3.7987","3.8204","3.7775","","-0.49%"
"06/21/2021","3.7957","3.8372","3.8449","3.7960","","-0.91%"
"06/18/2021","3.8307","3.8292","3.8471","3.8111","","0.11%"
"06/17/2021","3.8263","3.7743","3.8341","3.7675","","1.49%"
"06/16/2021","3.7703","3.7342","3.7766","3.7160","","1.05%"
"06/15/2021","3.7310","3.7239","3.7422","3.7195","","0.30%"
"06/14/2021","3.7198","3.7159","3.7332","3.7046","","0.19%"
"06/11/2021","3.7127","3.6721","3.7241","3.6647","","1.25%"
"06/10/2021","3.6670","3.6738","3.6898","3.6629","","-0.10%"
"06/09/2021","3.6707","3.6661","3.6778","3.6492","","0.19%"
"06/08/2021","3.6638","3.6662","3.6758","3.6592","","0.08%"
"06/07/2021","3.6608","3.6655","3.6778","3.6593","","-0.03%"
"06/04/2021","3.6620","3.6788","3.6965","3.6623","","-0.38%"
"06/03/2021","3.6761","3.6504","3.6846","3.6470","","0.77%"
"06/02/2021","3.6479","3.6514","3.6767","3.6470","","0.00%"
"06/01/2021","3.6479","3.6628","3.6689","3.6400","","-0.27%"
"05/31/2021","3.6578","3.6777","3.6853","3.6601","","-0.48%"
"05/28/2021","3.6754","3.6818","3.6981","3.6714","","-0.11%"
"05/27/2021","3.6793","3.6902","3.6995","3.6709","","-0.19%"
"05/26/2021","3.6864","3.6598","3.6968","3.6525","","0.80%"
"05/25/2021","3.6571","3.6692","3.6730","3.6532","","-0.26%"
"05/24/2021","3.6667","3.6922","3.6941","3.6653","","-0.56%"
"05/21/2021","3.6873","3.6746","3.7001","3.6697","","0.42%"
"05/20/2021","3.6718","3.7154","3.7206","3.6721","","-1.07%"
"05/19/2021","3.7116","3.6995","3.7212","3.6916","","0.45%"
"05/18/2021","3.6951","3.7254","3.7310","3.6938","","-0.77%"
"05/17/2021","3.7238","3.7313","3.7429","3.7206","","-0.10%"
"05/14/2021","3.7276","3.7478","3.7534","3.7234","","-0.46%"
"05/13/2021","3.7449","3.7734","3.7757","3.7387","","-0.66%"
"05/12/2021","3.7697","3.7471","3.7770","3.7352","","0.70%"
"05/11/2021","3.7434","3.7601","3.7708","3.7346","","-0.36%"
"05/10/2021","3.7569","3.7427","3.7671","3.7376","","0.48%"
"05/07/2021","3.7389","3.7875","3.8021","3.7394","","-1.21%"
"05/06/2021","3.7847","3.8084","3.8208","3.7857","","-0.53%"
"05/05/2021","3.8050","3.7940","3.8220","3.7846","","0.38%"
"05/04/2021","3.7906","3.7689","3.8045","3.7620","","0.69%"
"05/03/2021","3.7648","3.7920","3.7975","3.7627","","-0.65%"
"04/30/2021","3.7895","3.7693","3.7963","3.7582","","0.62%"
"04/29/2021","3.7660","3.7750","3.7857","3.7601","","-0.17%"
"04/28/2021","3.7726","3.7802","3.8087","3.7710","","-0.13%"
"04/27/2021","3.7776","3.7715","3.7887","3.7689","","0.24%"
"04/26/2021","3.7684","3.7673","3.7822","3.7569","","0.18%"
"04/23/2021","3.7616","3.7982","3.8029","3.7626","","-0.87%"
"04/22/2021","3.7945","3.7850","3.8061","3.7745","","0.35%"
"04/21/2021","3.7812","3.7817","3.8033","3.7771","","0.06%"
"04/20/2021","3.7788","3.7826","3.7901","3.7688","","-0.03%"
"04/19/2021","3.7798","3.7915","3.8090","3.7727","","-0.19%"
"04/16/2021","3.7869","3.8033","3.8132","3.7861","","-0.35%"
"04/15/2021","3.8001","3.8015","3.8145","3.7952","","0.03%"
"04/14/2021","3.7988","3.8193","3.8238","3.7980","","-0.45%"
"04/13/2021","3.8160","3.8057","3.8455","3.7983","","0.37%"
"04/12/2021","3.8020","3.8068","3.8191","3.7938","","-0.04%"
"04/09/2021","3.8034","3.8137","3.8365","3.8003","","-0.19%"
"04/08/2021","3.8105","3.8539","3.8579","3.8080","","-1.03%"
"04/07/2021","3.8502","3.8687","3.8777","3.8318","","-0.41%"
"04/06/2021","3.8660","3.8849","3.9046","3.8661","","-0.37%"
"04/05/2021","3.8802","3.9086","3.9241","3.8785","","-0.61%"
"04/02/2021","3.9041","3.8953","3.9216","3.8872","","0.28%"
"04/01/2021","3.8933","3.9481","3.9577","3.8930","","-1.31%"
"03/31/2021","3.9451","3.9754","3.9849","3.9395","","-0.69%"
"03/30/2021","3.9725","3.9637","3.9810","3.9548","","0.30%"
"03/29/2021","3.9607","3.9341","3.9732","3.9242","","0.81%"
"03/26/2021","3.9290","3.9409","3.9509","3.9251","","-0.22%"
"03/25/2021","3.9376","3.9178","3.9473","3.9120","","0.56%"
"03/24/2021","3.9158","3.8977","3.9234","3.8918","","0.52%"
"03/23/2021","3.8955","3.8521","3.9030","3.8459","","1.19%"
"03/22/2021","3.8496","3.8765","3.8951","3.8449","","-0.61%"
"03/19/2021","3.8734","3.8781","3.8930","3.8656","","-0.03%"
"03/18/2021","3.8744","3.8375","3.8867","3.8321","","1.04%"
"03/17/2021","3.8344","3.8616","3.8844","3.8340","","-0.65%"
"03/16/2021","3.8594","3.8456","3.8675","3.8424","","0.40%"
"03/15/2021","3.8441","3.8340","3.8558","3.8268","","0.31%"
"03/12/2021","3.8324","3.8253","3.8562","3.8214","","0.24%"
"03/11/2021","3.8231","3.8335","3.8435","3.8130","","-0.20%"
"03/10/2021","3.8307","3.8379","3.8559","3.8314","","-0.13%"
"03/09/2021","3.8357","3.8807","3.8872","3.8342","","-1.12%"
"03/08/2021","3.8790","3.8514","3.8846","3.8409","","0.86%"
"03/05/2021","3.8459","3.8128","3.8633","3.8085","","0.95%"
"03/04/2021","3.8096","3.7685","3.8191","3.7613","","1.14%"
"03/03/2021","3.7665","3.7564","3.7788","3.7456","","0.33%"
"03/02/2021","3.7542","3.7624","3.7854","3.7528","","-0.16%"
"03/01/2021","3.7603","3.7424","3.7690","3.7299","","0.56%"
"02/26/2021","3.7392","3.7146","3.7497","3.7064","","0.76%"
"02/25/2021","3.7111","3.7034","3.7220","3.6803","","0.28%"
"02/24/2021","3.7009","3.7094","3.7342","3.6997","","-0.16%"
"02/23/2021","3.7070","3.6986","3.7156","3.6903","","0.29%"
"02/22/2021","3.6962","3.7011","3.7196","3.6930","","-0.05%"
"02/19/2021","3.6982","3.7125","3.7173","3.6902","","-0.32%"
"02/18/2021","3.7102","3.7304","3.7374","3.7103","","-0.48%"
"02/17/2021","3.7282","3.7142","3.7439","3.7095","","0.45%"
"02/16/2021","3.7115","3.6976","3.7186","3.6844","","0.47%"
"02/15/2021","3.6941","3.7106","3.7146","3.6923","","-0.33%"
"02/12/2021","3.7062","3.7120","3.7287","3.7066","","-0.09%"
"02/11/2021","3.7096","3.7066","3.7193","3.7001","","0.15%"
"02/10/2021","3.7041","3.6925","3.7116","3.6818","","0.37%"
"02/09/2021","3.6906","3.7148","3.7204","3.6906","","-0.58%"
"02/08/2021","3.7121","3.7231","3.7355","3.7091","","-0.14%"
"02/05/2021","3.7174","3.7626","3.7676","3.7185","","-1.13%"
"02/04/2021","3.7600","3.7283","3.7676","3.7234","","0.90%"
"02/03/2021","3.7264","3.7215","3.7441","3.7147","","0.20%"
"02/02/2021","3.7190","3.7401","3.7470","3.7185","","-0.46%"
"02/01/2021","3.7363","3.7248","3.7438","3.7208","","0.40%"
"01/29/2021","3.7215","3.7467","3.7579","3.7183","","-0.62%"
"01/28/2021","3.7446","3.7558","3.7731","3.7380","","-0.24%"
"01/27/2021","3.7537","3.7380","3.7761","3.7328","","0.49%"
"01/26/2021","3.7354","3.7397","3.7566","3.7337","","-0.04%"
"01/25/2021","3.7370","3.7301","3.7493","3.7220","","0.27%"
"01/22/2021","3.7268","3.7255","3.7371","3.7195","","0.16%"
"01/21/2021","3.7208","3.7450","3.7483","3.7213","","-0.53%"
"01/20/2021","3.7407","3.7389","3.7536","3.7246","","0.11%"
"01/19/2021","3.7367","3.7574","3.7620","3.7323","","-0.44%"
"01/18/2021","3.7531","3.7566","3.7748","3.7494","","0.01%"
"01/15/2021","3.7528","3.7371","3.7625","3.7331","","0.52%"
"01/14/2021","3.7333","3.7340","3.7576","3.7264","","0.07%"
"01/13/2021","3.7307","3.7036","3.7392","3.6986","","0.81%"
"01/12/2021","3.7008","3.7269","3.7317","3.7013","","-0.60%"
"01/11/2021","3.7230","3.6906","3.7343","3.6890","","0.93%"
"01/08/2021","3.6886","3.6827","3.7032","3.6725","","0.26%"
"01/07/2021","3.6792","3.6714","3.6959","3.6609","","0.34%"
"01/06/2021","3.6667","3.6865","3.6936","3.6516","","-0.43%"
"01/05/2021","3.6825","3.7183","3.7234","3.6809","","-0.88%"
"01/04/2021","3.7151","3.7408","3.7417","3.6887","","-0.59%"
"01/01/2021","3.7371","3.7327","3.7420","3.7256","","0.27%"
"12/31/2020","3.7271","3.7260","3.7620","3.6997","","0.19%"
"12/30/2020","3.7200","3.7036","3.7461","3.6748","","0.52%"
"12/29/2020","3.7008","3.6818","3.7282","3.6565","","0.62%"
"12/28/2020","3.6781","3.6978","3.7093","3.6614","","-0.43%"
"12/25/2020","3.6938","3.6970","3.7057","3.6897","","0.06%"
"12/24/2020","3.6915","3.6955","3.7030","3.6835","","0.00%"
"12/23/2020","3.6915","3.7057","3.7095","3.6827","","-0.30%"
"12/22/2020","3.7025","3.6690","3.7115","3.6670","","1.03%"
"12/21/2020","3.6646","3.6497","3.7322","3.6497","","0.56%"
"12/18/2020","3.6443","3.6193","3.6874","3.6153","","0.79%"
"12/17/2020","3.6159","3.6366","3.6421","3.6161","","-0.46%"
"12/16/2020","3.6327","3.6546","3.6641","3.6260","","-0.51%"
"12/15/2020","3.6515","3.6548","3.6675","3.6448","","0.02%"
"12/14/2020","3.6507","3.6686","3.6846","3.6400","","-0.49%"
"12/11/2020","3.6688","3.6472","3.6776","3.6376","","0.74%"
"12/10/2020","3.6419","3.6707","3.6727","3.6411","","-0.72%"
"12/09/2020","3.6683","3.6758","3.6811","3.6425","","-0.13%"
"12/08/2020","3.6730","3.6924","3.7115","3.6718","","-0.46%"
"12/07/2020","3.6901","3.6900","3.7113","3.6744","","0.16%"
"12/04/2020","3.6842","3.6798","3.6941","3.6702","","0.23%"
"12/03/2020","3.6758","3.6941","3.7090","3.6717","","-0.40%"
"12/02/2020","3.6907","3.6855","3.7225","3.6792","","0.27%"
"12/01/2020","3.6806","3.7562","3.7582","3.6811","","-1.93%"
"11/30/2020","3.7532","3.7499","3.7582","3.7258","","0.32%"
"11/27/2020","3.7411","3.7563","3.7724","3.7448","","-0.33%"
"11/26/2020","3.7535","3.7482","3.7662","3.7390","","0.23%"
"11/25/2020","3.7447","3.7521","3.7668","3.7422","","-0.12%"
"11/24/2020","3.7491","3.7758","3.7787","3.7494","","-0.65%"
"11/23/2020","3.7737","3.7713","3.7949","3.7519","","0.21%"
"11/20/2020","3.7659","3.7619","3.7748","3.7547","","0.20%"
"11/19/2020","3.7584","3.7682","3.7929","3.7582","","-0.20%"
"11/18/2020","3.7659","3.7849","3.7903","3.7565","","-0.41%"
"11/17/2020","3.7814","3.7739","3.7957","3.7657","","0.29%"
"11/16/2020","3.7703","3.7882","3.7985","3.7627","","-0.39%"
"11/13/2020","3.7851","3.8041","3.8138","3.7847","","-0.45%"
"11/12/2020","3.8021","3.8068","3.8203","3.7913","","-0.04%"
"11/11/2020","3.8036","3.8061","3.8212","3.7954","","-0.01%"
"11/10/2020","3.8039","3.7967","3.8254","3.7808","","0.21%"
"11/09/2020","3.7959","3.7945","3.8035","3.7468","","0.14%"
"11/06/2020","3.7905","3.8289","3.8431","3.7859","","-0.92%"
"11/05/2020","3.8257","3.8749","3.8799","3.8038","","-1.18%"
"11/04/2020","3.8713","3.8762","3.9555","3.8545","","-0.05%"
"11/03/2020","3.8733","3.9527","3.9583","3.8688","","-1.95%"
"11/02/2020","3.9505","3.9558","3.9736","3.9446","","-0.05%"
"10/30/2020","3.9524","3.9612","3.9711","3.9446","","-0.19%"
"10/29/2020","3.9600","3.9447","3.9718","3.9283","","0.46%"
"10/28/2020","3.9420","3.8890","3.9564","3.8852","","1.40%"
"10/27/2020","3.8876","3.8774","3.8925","3.8656","","0.36%"
"10/26/2020","3.8737","3.8518","3.8863","3.8484","","0.64%"
"10/23/2020","3.8489","3.8705","3.8901","3.8482","","-0.54%"
"10/22/2020","3.8698","3.8525","3.8837","3.8486","","0.60%"
"10/21/2020","3.8467","3.8594","3.8800","3.8372","","-0.24%"
"10/20/2020","3.8560","3.8879","3.9011","3.8526","","-0.70%"
"10/19/2020","3.8830","3.8812","3.8907","3.8717","","0.17%"
"10/16/2020","3.8763","3.8882","3.9056","3.8679","","-0.20%"
"10/15/2020","3.8841","3.8440","3.9014","3.8365","","1.09%"
"10/14/2020","3.8422","3.8270","3.8552","3.8180","","0.45%"
"10/13/2020","3.8250","3.7733","3.8338","3.7695","","1.48%"
"10/12/2020","3.7691","3.7778","3.8042","3.7702","","-0.16%"
"10/09/2020","3.7751","3.8180","3.8223","3.7693","","-1.07%"
"10/08/2020","3.8159","3.8114","3.8266","3.7991","","0.19%"
"10/07/2020","3.8087","3.8268","3.8318","3.8024","","-0.40%"
"10/06/2020","3.8239","3.8152","3.8301","3.7946","","0.29%"
"10/05/2020","3.8129","3.8456","3.8473","3.8044","","-0.73%"
"10/02/2020","3.8410","3.8154","3.8540","3.8111","","0.75%"
"10/01/2020","3.8125","3.8670","3.8694","3.8052","","-1.34%"
"09/30/2020","3.8643","3.8549","3.8921","3.8479","","0.32%"
"09/29/2020","3.8521","3.9316","3.9417","3.8477","","-1.91%"
"09/28/2020","3.9273","3.9139","3.9383","3.8949","","0.48%"
"09/25/2020","3.9085","3.9019","3.9254","3.8903","","0.20%"
"09/24/2020","3.9007","3.8731","3.9218","3.8623","","0.77%"
"09/23/2020","3.8708","3.8342","3.8777","3.8263","","1.09%"
"09/22/2020","3.8290","3.8180","3.8526","3.8087","","0.33%"
"09/21/2020","3.8163","3.7675","3.8356","3.7517","","1.40%"
"09/18/2020","3.7636","3.7592","3.7717","3.7474","","0.20%"
"09/17/2020","3.7560","3.7662","3.7943","3.7557","","-0.22%"
"09/16/2020","3.7643","3.7611","3.7748","3.7420","","0.15%"
"09/15/2020","3.7588","3.7483","3.7646","3.7292","","0.37%"
"09/14/2020","3.7450","3.7538","3.7627","3.7408","","-0.15%"
"09/11/2020","3.7505","3.7689","3.7725","3.7453","","-0.45%"
"09/10/2020","3.7675","3.7637","3.7786","3.7327","","0.15%"
"09/09/2020","3.7620","3.7835","3.7924","3.7550","","-0.47%"
"09/08/2020","3.7797","3.7550","3.7891","3.7473","","0.77%"
"09/07/2020","3.7510","3.7640","3.7778","3.7485","","-0.26%"
"09/04/2020","3.7608","3.7448","3.7945","3.7391","","0.52%"
"09/03/2020","3.7415","3.7218","3.7621","3.7194","","0.60%"
"09/02/2020","3.7190","3.6844","3.7390","3.6780","","0.97%"
"09/01/2020","3.6831","3.6841","3.6904","3.6558","","0.04%"
"08/31/2020","3.6815","3.6860","3.6999","3.6649","","-0.06%"
"08/28/2020","3.6837","3.7315","3.7374","3.6810","","-1.18%"
"08/27/2020","3.7276","3.7317","3.7533","3.6988","","-0.06%"
"08/26/2020","3.7300","3.7189","3.7471","3.7116","","0.34%"
"08/25/2020","3.7172","3.7292","3.7330","3.7058","","-0.26%"
"08/24/2020","3.7270","3.7455","3.7473","3.7076","","-0.35%"
"08/21/2020","3.7402","3.6964","3.7513","3.6850","","1.26%"
"08/20/2020","3.6936","3.7169","3.7266","3.6930","","-0.57%"
"08/19/2020","3.7147","3.6688","3.7199","3.6613","","1.31%"
"08/18/2020","3.6668","3.7053","3.7082","3.6609","","-1.00%"
"08/17/2020","3.7039","3.7123","3.7192","3.6971","","-0.15%"
"08/14/2020","3.7094","3.7232","3.7336","3.7097","","-0.28%"
"08/13/2020","3.7200","3.7371","3.7396","3.7065","","-0.32%"
"08/12/2020","3.7320","3.7541","3.7649","3.7243","","-0.50%"
"08/11/2020","3.7509","3.7476","3.7615","3.7264","","0.17%"
"08/10/2020","3.7445","3.7445","3.7543","3.7310","","0.09%"
"08/07/2020","3.7410","3.7185","3.7528","3.7109","","0.63%"
"08/06/2020","3.7174","3.7139","3.7310","3.6890","","0.18%"
"08/05/2020","3.7108","3.7241","3.7301","3.6943","","-0.33%"
"08/04/2020","3.7230","3.7513","3.7604","3.7223","","-0.70%"
"08/03/2020","3.7492","3.7499","3.7805","3.7406","","0.17%"
"07/31/2020","3.7429","3.7224","3.7554","3.6983","","0.63%"
"07/30/2020","3.7193","3.7417","3.7629","3.7185","","-0.37%"
"07/29/2020","3.7332","3.7661","3.7784","3.7333","","-0.78%"
"07/28/2020","3.7626","3.7353","3.7705","3.7280","","0.74%"
"07/27/2020","3.7350","3.7780","3.7875","3.7266","","-1.10%"
"07/24/2020","3.7766","3.8026","3.8096","3.7755","","-0.64%"
"07/23/2020","3.8010","3.8219","3.8284","3.7856","","-0.51%"
"07/22/2020","3.8204","3.8465","3.8614","3.8096","","-0.64%"
"07/21/2020","3.8450","3.8923","3.9000","3.8407","","-1.19%"
"07/20/2020","3.8912","3.9176","3.9276","3.8895","","-0.59%"
"07/17/2020","3.9143","3.9395","3.9445","3.9122","","-0.55%"
"07/16/2020","3.9358","3.9231","3.9469","3.9121","","0.35%"
"07/15/2020","3.9219","3.9250","3.9309","3.9019","","-0.04%"
"07/14/2020","3.9233","3.9592","3.9681","3.9199","","-0.89%"
"07/13/2020","3.9586","3.9525","3.9627","3.9361","","0.28%"
"07/10/2020","3.9474","3.9616","3.9797","3.9419","","-0.26%"
"07/09/2020","3.9575","3.9502","3.9646","3.9309","","0.26%"
"07/08/2020","3.9471","3.9709","3.9764","3.9458","","-0.50%"
"07/07/2020","3.9670","3.9471","3.9737","3.9365","","0.51%"
"07/06/2020","3.9467","3.9681","3.9734","3.9369","","-0.44%"
"07/03/2020","3.9642","3.9701","3.9852","3.9606","","-0.11%"
"07/02/2020","3.9684","3.9771","3.9826","3.9481","","-0.16%"
"07/01/2020","3.9746","3.9565","3.9899","3.9471","","0.52%"
"06/30/2020","3.9539","3.9643","3.9904","3.9448","","-0.20%"
"06/29/2020","3.9618","3.9843","3.9872","3.9555","","-0.42%"
"06/26/2020","3.9786","3.9706","3.9922","3.9639","","0.27%"
"06/25/2020","3.9680","3.9610","3.9948","3.9548","","0.26%"
"06/24/2020","3.9576","3.9332","3.9648","3.9228","","0.73%"
"06/23/2020","3.9291","3.9459","3.9599","3.9132","","-0.35%"
"06/22/2020","3.9430","3.9938","4.0034","3.9389","","-1.16%"
"06/19/2020","3.9891","3.9712","4.0015","3.9541","","0.54%"
"06/18/2020","3.9677","3.9708","3.9845","3.9514","","0.02%"
"06/17/2020","3.9668","3.9472","3.9876","3.9358","","0.53%"
"06/16/2020","3.9459","3.9011","3.9646","3.8879","","1.19%"
"06/15/2020","3.8994","3.9483","3.9748","3.8989","","-1.11%"
"06/12/2020","3.9433","3.9590","3.9773","3.9212","","-0.27%"
"06/11/2020","3.9538","3.9166","3.9669","3.9048","","1.13%"
"06/10/2020","3.9098","3.9188","3.9378","3.8915","","-0.17%"
"06/09/2020","3.9165","3.9157","3.9558","3.9076","","0.09%"
"06/08/2020","3.9129","3.9290","3.9458","3.9095","","-0.30%"
"06/05/2020","3.9248","3.9138","3.9402","3.8900","","0.37%"
"06/04/2020","3.9103","3.9253","3.9799","3.8877","","-0.28%"
"06/03/2020","3.9213","3.9259","3.9488","3.8951","","-0.08%"
"06/02/2020","3.9245","3.9548","3.9673","3.9174","","-0.68%"
"06/01/2020","3.9513","4.0068","4.0071","3.9500","","-1.30%"
"05/29/2020","4.0034","4.0215","4.0273","3.9873","","-0.42%"
"05/28/2020","4.0203","4.0225","4.0395","4.0033","","-0.03%"
"05/27/2020","4.0217","4.0455","4.0588","4.0160","","-0.49%"
"05/26/2020","4.0417","4.1301","4.1352","4.0281","","-2.09%"
"05/25/2020","4.1280","4.1389","4.1550","4.1241","","-0.18%"
"05/22/2020","4.1354","4.1212","4.1537","4.1190","","0.40%"
"05/21/2020","4.1190","4.1302","4.1435","4.1077","","-0.23%"
"05/20/2020","4.1286","4.1648","4.1700","4.1190","","-0.81%"
"05/19/2020","4.1623","4.1802","4.1873","4.1468","","-0.35%"
"05/18/2020","4.1769","4.2231","4.2294","4.1761","","-0.96%"
"05/15/2020","4.2173","4.2203","4.2332","4.2055","","-0.01%"
"05/14/2020","4.2178","4.2219","4.2427","4.2155","","-0.01%"
"05/13/2020","4.2182","4.2084","4.2270","4.1901","","0.30%"
"05/12/2020","4.2057","4.2176","4.2308","4.1828","","-0.21%"
"05/11/2020","4.2145","4.2003","4.2248","4.1872","","0.55%"
"05/08/2020","4.1913","4.2062","4.2142","4.1798","","-0.29%"
"05/07/2020","4.2035","4.2136","4.2365","4.2010","","-0.19%"
"05/06/2020","4.2113","4.1851","4.2222","4.1780","","0.67%"
"05/05/2020","4.1832","4.1711","4.2017","4.1582","","0.30%"
"05/04/2020","4.1705","4.1581","4.1886","4.1554","","0.46%"
"05/01/2020","4.1516","4.1522","4.1657","4.1371","","0.06%"
"04/30/2020","4.1493","4.1816","4.1934","4.1371","","-0.64%"
"04/29/2020","4.1759","4.2062","4.2074","4.1740","","-0.68%"
"04/28/2020","4.2047","4.1881","4.2070","4.1688","","0.43%"
"04/27/2020","4.1865","4.1899","4.1999","4.1617","","0.09%"
"04/24/2020","4.1828","4.2142","4.2329","4.1828","","-0.69%"
"04/23/2020","4.2120","4.2025","4.2242","4.1874","","0.33%"
"04/22/2020","4.1982","4.1761","4.2175","4.1624","","0.61%"
"04/21/2020","4.1726","4.1637","4.1929","4.1583","","0.29%"
"04/20/2020","4.1604","4.1575","4.1781","4.1439","","0.30%"
"04/17/2020","4.1481","4.1935","4.1970","4.1481","","-1.01%"
"04/16/2020","4.1906","4.1582","4.2069","4.1539","","0.85%"
"04/15/2020","4.1553","4.1150","4.1848","4.1083","","1.10%"
"04/14/2020","4.1102","4.1796","4.1844","4.1105","","-1.61%"
"04/13/2020","4.1773","4.1625","4.2003","4.1515","","0.47%"
"04/10/2020","4.1577","4.1600","4.1696","4.1465","","0.01%"
"04/09/2020","4.1574","4.1736","4.1982","4.1492","","-0.34%"
"04/08/2020","4.1715","4.1564","4.1919","4.1494","","0.48%"
"04/07/2020","4.1515","4.2273","4.2329","4.1380","","-1.66%"
"04/06/2020","4.2217","4.2389","4.2513","4.1963","","-0.36%"
"04/03/2020","4.2370","4.2126","4.2529","4.2017","","0.78%"
"04/02/2020","4.2041","4.1993","4.2295","4.1778","","0.21%"
"04/01/2020","4.1953","4.1311","4.2148","4.1271","","1.52%"
"03/31/2020","4.1323","4.1090","4.1637","4.1075","","0.61%"
"03/30/2020","4.1073","4.0736","4.1430","4.0705","","0.85%"
"03/27/2020","4.0727","4.0938","4.1330","4.0654","","-0.50%"
"03/26/2020","4.0932","4.1953","4.2077","4.0788","","-2.43%"
"03/25/2020","4.1950","4.2673","4.2805","4.1771","","-1.66%"
"03/24/2020","4.2657","4.2969","4.3050","4.2189","","-0.69%"
"03/23/2020","4.2952","4.2425","4.3095","4.2211","","1.22%"
"03/20/2020","4.2436","4.2828","4.2978","4.1686","","-0.91%"
"03/19/2020","4.2824","4.1255","4.3011","4.0880","","3.84%"
"03/18/2020","4.1240","4.0649","4.2026","4.0393","","1.47%"
"03/17/2020","4.0643","3.9788","4.0896","3.9682","","2.19%"
"03/16/2020","3.9772","3.9406","3.9905","3.9039","","0.94%"
"03/13/2020","3.9400","3.9144","3.9636","3.8851","","0.67%"
"03/12/2020","3.9139","3.8394","3.9666","3.8207","","2.04%"
"03/11/2020","3.8356","3.8225","3.8428","3.7929","","0.41%"
"03/10/2020","3.8200","3.7782","3.8273","3.7696","","1.11%"
"03/09/2020","3.7779","3.8084","3.8084","3.7561","","-0.77%"
"03/06/2020","3.8071","3.8319","3.8450","3.7812","","-0.60%"
"03/05/2020","3.8302","3.8512","3.8630","3.8263","","-0.48%"
"03/04/2020","3.8487","3.8549","3.8724","3.8358","","-0.16%"
"03/03/2020","3.8547","3.8761","3.8933","3.8368","","-0.53%"
"03/02/2020","3.8751","3.9254","3.9272","3.8623","","-1.25%"
"02/28/2020","3.9243","3.9298","3.9555","3.9192","","-0.10%"
"02/27/2020","3.9282","3.9654","3.9694","3.9260","","-0.95%"
"02/26/2020","3.9660","3.9576","3.9723","3.9502","","0.25%"
"02/25/2020","3.9563","3.9666","3.9746","3.9488","","-0.21%"
"02/24/2020","3.9648","3.9532","3.9836","3.9523","","0.32%"
"02/21/2020","3.9523","3.9678","3.9732","3.9453","","-0.34%"
"02/20/2020","3.9657","3.9504","3.9723","3.9446","","0.46%"
"02/19/2020","3.9475","3.9551","3.9634","3.9466","","-0.15%"
"02/18/2020","3.9536","3.9305","3.9616","3.9283","","0.61%"
"02/17/2020","3.9295","3.9228","3.9377","3.9155","","0.16%"
"02/14/2020","3.9233","3.9167","3.9264","3.9068","","0.23%"
"02/13/2020","3.9144","3.9104","3.9260","3.9065","","0.13%"
"02/12/2020","3.9092","3.8990","3.9148","3.8942","","0.29%"
"02/11/2020","3.8979","3.9093","3.9126","3.8902","","-0.27%"
"02/10/2020","3.9084","3.9007","3.9169","3.8905","","0.19%"
"02/07/2020","3.9011","3.8781","3.9093","3.8758","","0.62%"
"02/06/2020","3.8770","3.8592","3.8843","3.8553","","0.48%"
"02/05/2020","3.8584","3.8710","3.8780","3.8495","","-0.30%"
"02/04/2020","3.8702","3.8859","3.8923","3.8657","","-0.38%"
"02/03/2020","3.8849","3.8755","3.8930","3.8716","","0.36%"
"01/31/2020","3.8708","3.8926","3.9045","3.8714","","-0.52%"
"01/30/2020","3.8910","3.8928","3.8955","3.8829","","-0.02%"
"01/29/2020","3.8916","3.8753","3.8997","3.8728","","0.49%"
"01/28/2020","3.8726","3.8820","3.8886","3.8733","","-0.22%"
"01/27/2020","3.8811","3.8575","3.8872","3.8544","","0.61%"
"01/24/2020","3.8577","3.8409","3.8668","3.8342","","0.47%"
"01/23/2020","3.8397","3.8203","3.8504","3.8179","","0.53%"
"01/22/2020","3.8195","3.8175","3.8308","3.8137","","0.06%"
"01/21/2020","3.8171","3.8246","3.8328","3.8087","","-0.18%"
"01/20/2020","3.8239","3.8233","3.8314","3.8173","","0.02%"
"01/17/2020","3.8230","3.7998","3.8270","3.7956","","0.66%"
"01/16/2020","3.7981","3.7940","3.8049","3.7880","","0.15%"
"01/15/2020","3.7926","3.7945","3.8019","3.7819","","-0.01%"
"01/14/2020","3.7930","3.8017","3.8061","3.7864","","-0.21%"
"01/13/2020","3.8010","3.8091","3.8168","3.7990","","-0.13%"
"01/10/2020","3.8061","3.8223","3.8333","3.8040","","-0.37%"
"01/09/2020","3.8204","3.8108","3.8280","3.8057","","0.25%"
"01/08/2020","3.8108","3.8052","3.8203","3.7994","","0.18%"
"01/07/2020","3.8041","3.7799","3.8115","3.7779","","0.67%"
"01/06/2020","3.7788","3.8024","3.8076","3.7785","","-0.62%"
"01/03/2020","3.8022","3.7957","3.8275","3.7906","","0.20%"
"01/02/2020","3.7947","3.7940","3.8075","3.7885","","0.04%"
"01/01/2020","3.7930","3.7933","3.7933","3.7933","","0.00%"
"12/31/2019","3.7930","3.7987","3.8026","3.7852","","-0.14%"
"12/30/2019","3.7985","3.8129","3.8149","3.7919","","-0.36%"
"12/27/2019","3.8123","3.8372","3.8414","3.8093","","-0.59%"
"12/26/2019","3.8348","3.8440","3.8470","3.8310","","-0.21%"
"12/25/2019","3.8427","3.8430","3.8468","3.8379","","0.04%"
"12/24/2019","3.8413","3.8523","3.8568","3.8347","","-0.26%"
"12/23/2019","3.8512","3.8403","3.8561","3.8359","","0.25%"
"12/20/2019","3.8415","3.8328","3.8470","3.8254","","0.26%"
"12/19/2019","3.8316","3.8391","3.8407","3.8258","","-0.19%"
"12/18/2019","3.8388","3.8210","3.8458","3.8173","","0.50%"
"12/17/2019","3.8197","3.8202","3.8342","3.8115","","0.02%"
"12/16/2019","3.8191","3.8372","3.8514","3.8177","","-0.46%"
"12/13/2019","3.8367","3.8503","3.8513","3.8210","","-0.29%"
"12/12/2019","3.8479","3.8479","3.8622","3.8398","","0.01%"
"12/11/2019","3.8476","3.8675","3.8736","3.8414","","-0.49%"
"12/10/2019","3.8666","3.8753","3.8782","3.8641","","-0.19%"
"12/09/2019","3.8738","3.8700","3.8777","3.8630","","0.25%"
"12/06/2019","3.8642","3.8516","3.8788","3.8452","","0.35%"
"12/05/2019","3.8506","3.8628","3.8656","3.8486","","-0.28%"
"12/04/2019","3.8616","3.8663","3.8700","3.8497","","-0.10%"
"12/03/2019","3.8653","3.8702","3.8779","3.8595","","-0.08%"
"12/02/2019","3.8685","3.9132","3.9186","3.8627","","-1.17%"
"11/29/2019","3.9142","3.9243","3.9340","3.9093","","-0.15%"
"11/28/2019","3.9202","3.9190","3.9316","3.9106","","0.10%"
"11/27/2019","3.9164","3.9061","3.9228","3.9042","","0.29%"
"11/26/2019","3.9049","3.9025","3.9123","3.8988","","0.09%"
"11/25/2019","3.9013","3.8993","3.9072","3.8934","","0.06%"
"11/22/2019","3.8990","3.8879","3.9028","3.8770","","0.29%"
"11/21/2019","3.8876","3.8793","3.8918","3.8716","","0.24%"
"11/20/2019","3.8783","3.8681","3.8867","3.8661","","0.26%"
"11/19/2019","3.8681","3.8784","3.8832","3.8661","","-0.26%"
"11/18/2019","3.8780","3.8681","3.8832","3.8647","","0.34%"
"11/15/2019","3.8648","3.8883","3.8926","3.8651","","-0.60%"
"11/14/2019","3.8880","3.8993","3.9090","3.8854","","-0.27%"
"11/13/2019","3.8985","3.8888","3.9032","3.8849","","0.25%"
"11/12/2019","3.8888","3.8735","3.8925","3.8684","","0.43%"
"11/11/2019","3.8723","3.8709","3.8786","3.8655","","0.05%"
"11/08/2019","3.8704","3.8542","3.8743","3.8510","","0.42%"
"11/07/2019","3.8544","3.8544","3.8588","3.8442","","0.03%"
"11/06/2019","3.8534","3.8510","3.8589","3.8458","","0.09%"
"11/05/2019","3.8499","3.8346","3.8570","3.8277","","0.41%"
"11/04/2019","3.8341","3.8073","3.8376","3.8038","","0.73%"
"11/01/2019","3.8064","3.8217","3.8249","3.8049","","-0.37%"
"10/31/2019","3.8205","3.8188","3.8276","3.8107","","0.08%"
"10/30/2019","3.8174","3.8421","3.8481","3.8168","","-0.62%"
"10/29/2019","3.8414","3.8498","3.8624","3.8354","","-0.21%"
"10/28/2019","3.8493","3.8614","3.8660","3.8472","","-0.30%"
"10/25/2019","3.8609","3.8531","3.8654","3.8428","","0.21%"
"10/24/2019","3.8530","3.8394","3.8589","3.8284","","0.38%"
"10/23/2019","3.8384","3.8371","3.8542","3.8352","","0.04%"
"10/22/2019","3.8370","3.8361","3.8461","3.8300","","0.04%"
"10/21/2019","3.8356","3.8417","3.8447","3.8263","","0.12%"
"10/18/2019","3.8309","3.8498","3.8566","3.8319","","-0.42%"
"10/17/2019","3.8471","3.8690","3.8779","3.8412","","-0.53%"
"10/16/2019","3.8676","3.8900","3.9011","3.8642","","-0.56%"
"10/15/2019","3.8893","3.8964","3.9086","3.8847","","-0.18%"
"10/14/2019","3.8963","3.8967","3.9103","3.8884","","-0.07%"
"10/11/2019","3.8989","3.9169","3.9197","3.8884","","-0.45%"
"10/10/2019","3.9166","3.9394","3.9410","3.9118","","-0.57%"
"10/09/2019","3.9392","3.9467","3.9537","3.9323","","-0.10%"
"10/08/2019","3.9430","3.9453","3.9545","3.9372","","-0.03%"
"10/07/2019","3.9443","3.9344","3.9540","3.9293","","0.23%"
"10/04/2019","3.9353","3.9516","3.9534","3.9314","","-0.39%"
"10/03/2019","3.9506","3.9784","3.9926","3.9367","","-0.63%"
"10/02/2019","3.9758","4.0041","4.0177","3.9753","","-0.69%"
"10/01/2019","4.0035","4.0110","4.0265","3.9999","","-0.14%"
"09/30/2019","4.0092","4.0052","4.0237","3.9973","","0.10%"
"09/27/2019","4.0053","4.0166","4.0229","3.9989","","-0.23%"
"09/26/2019","4.0147","4.0060","4.0221","3.9943","","0.28%"
"09/25/2019","4.0034","3.9754","4.0085","3.9716","","0.74%"
"09/24/2019","3.9740","3.9943","4.0010","3.9729","","-0.48%"
"09/23/2019","3.9931","3.9688","4.0106","3.9646","","0.59%"
"09/20/2019","3.9697","3.9336","3.9803","3.9216","","0.92%"
"09/19/2019","3.9334","3.9348","3.9422","3.9193","","0.03%"
"09/18/2019","3.9322","3.9162","3.9429","3.9111","","0.46%"
"09/17/2019","3.9140","3.9357","3.9481","3.9149","","-0.50%"
"09/16/2019","3.9338","3.9032","3.9397","3.9014","","0.75%"
"09/13/2019","3.9047","3.9193","3.9239","3.8944","","-0.32%"
"09/12/2019","3.9174","3.9423","3.9636","3.9097","","-0.58%"
"09/11/2019","3.9403","3.9232","3.9501","3.9188","","0.45%"
"09/10/2019","3.9228","3.9216","3.9314","3.9179","","0.05%"
"09/09/2019","3.9207","3.9351","3.9399","3.9169","","-0.26%"
"09/06/2019","3.9310","3.9342","3.9407","3.9234","","-0.07%"
"09/05/2019","3.9339","3.9327","3.9478","3.9127","","0.09%"
"09/04/2019","3.9302","3.9606","3.9644","3.9265","","-0.73%"
"09/03/2019","3.9592","3.9759","3.9996","3.9586","","-0.42%"
"09/02/2019","3.9757","3.9848","3.9889","3.9675","","-0.17%"
"08/30/2019","3.9823","3.9687","3.9986","3.9633","","0.39%"
"08/29/2019","3.9668","3.9637","3.9755","3.9542","","0.09%"
"08/28/2019","3.9631","3.9465","3.9662","3.9432","","0.44%"
"08/27/2019","3.9458","3.9302","3.9492","3.9235","","0.41%"
"08/26/2019","3.9298","3.9276","3.9355","3.9182","","0.10%"
"08/23/2019","3.9258","3.9325","3.9441","3.9209","","-0.16%"
"08/22/2019","3.9320","3.9224","3.9506","3.9158","","0.27%"
"08/21/2019","3.9214","3.9272","3.9325","3.9142","","-0.11%"
"08/20/2019","3.9257","3.9425","3.9464","3.9244","","-0.42%"
"08/19/2019","3.9423","3.9123","3.9448","3.9090","","0.80%"
"08/16/2019","3.9111","3.9348","3.9409","3.9004","","-0.60%"
"08/15/2019","3.9348","3.9264","3.9480","3.9151","","0.23%"
"08/14/2019","3.9256","3.8797","3.9302","3.8755","","1.20%"
"08/13/2019","3.8791","3.8612","3.8823","3.8580","","0.48%"
"08/12/2019","3.8605","3.8607","3.8767","3.8540","","0.01%"
"08/09/2019","3.8603","3.8693","3.8698","3.8521","","-0.22%"
"08/08/2019","3.8688","3.8586","3.8695","3.8473","","0.31%"
"08/07/2019","3.8570","3.8528","3.8633","3.8442","","0.10%"
"08/06/2019","3.8533","3.8571","3.8624","3.8410","","-0.10%"
"08/05/2019","3.8571","3.8791","3.8823","3.8498","","-0.53%"
"08/02/2019","3.8778","3.8884","3.8930","3.8696","","-0.26%"
"08/01/2019","3.8881","3.8728","3.9011","3.8696","","0.40%"
"07/31/2019","3.8725","3.8519","3.8805","3.8465","","0.54%"
"07/30/2019","3.8517","3.8481","3.8614","3.8453","","0.11%"
"07/29/2019","3.8475","3.8410","3.8549","3.8338","","0.15%"
"07/26/2019","3.8419","3.8196","3.8470","3.8178","","0.57%"
"07/25/2019","3.8201","3.8177","3.8289","3.8059","","0.10%"
"07/24/2019","3.8163","3.8149","3.8263","3.8116","","0.03%"
"07/23/2019","3.8150","3.7888","3.8186","3.7878","","0.72%"
"07/22/2019","3.7878","3.7896","3.7950","3.7831","","-0.02%"
"07/19/2019","3.7887","3.7724","3.7959","3.7705","","0.45%"
"07/18/2019","3.7719","3.7977","3.8026","3.7719","","-0.66%"
"07/17/2019","3.7971","3.7970","3.8065","3.7935","","0.03%"
"07/16/2019","3.7959","3.7854","3.8020","3.7822","","0.30%"
"07/15/2019","3.7845","3.7882","3.7910","3.7774","","-0.10%"
"07/12/2019","3.7882","3.7924","3.7992","3.7836","","-0.10%"
"07/11/2019","3.7919","3.7924","3.7963","3.7801","","-0.01%"
"07/10/2019","3.7921","3.8117","3.8147","3.7868","","-0.50%"
"07/09/2019","3.8110","3.7954","3.8145","3.7926","","0.43%"
"07/08/2019","3.7946","3.7882","3.8010","3.7822","","0.18%"
"07/05/2019","3.7878","3.7596","3.7973","3.7576","","0.75%"
"07/04/2019","3.7596","3.7585","3.7648","3.7525","","0.03%"
"07/03/2019","3.7583","3.7592","3.7674","3.7474","","0.00%"
"07/02/2019","3.7583","3.7604","3.7636","3.7473","","-0.04%"
"07/01/2019","3.7597","3.7315","3.7630","3.7314","","0.73%"
"06/28/2019","3.7326","3.7392","3.7433","3.7271","","-0.15%"
"06/27/2019","3.7383","3.7469","3.7549","3.7367","","-0.20%"
"06/26/2019","3.7457","3.7448","3.7571","3.7393","","0.04%"
"06/25/2019","3.7441","3.7308","3.7524","3.7259","","0.35%"
"06/24/2019","3.7309","3.7408","3.7449","3.7293","","-0.30%"
"06/21/2019","3.7420","3.7661","3.7752","3.7390","","-0.62%"
"06/20/2019","3.7655","3.7966","3.7986","3.7590","","-0.78%"
"06/19/2019","3.7951","3.8058","3.8126","3.7879","","-0.25%"
"06/18/2019","3.8048","3.7984","3.8136","3.7908","","0.21%"
"06/17/2019","3.7970","3.7971","3.8018","3.7876","","-0.01%"
"06/14/2019","3.7975","3.7735","3.8012","3.7675","","0.65%"
"06/13/2019","3.7729","3.7703","3.7782","3.7645","","0.04%"
"06/12/2019","3.7713","3.7643","3.7727","3.7555","","0.19%"
"06/11/2019","3.7640","3.7673","3.7761","3.7599","","-0.11%"
"06/10/2019","3.7681","3.7585","3.7783","3.7585","","0.27%"
"06/07/2019","3.7581","3.7888","3.8005","3.7534","","-0.81%"
"06/06/2019","3.7886","3.8119","3.8140","3.7817","","-0.61%"
"06/05/2019","3.8119","3.8015","3.8140","3.7831","","0.30%"
"06/04/2019","3.8006","3.8066","3.8131","3.7960","","-0.15%"
"06/03/2019","3.8064","3.8335","3.8377","3.8005","","-0.72%"
"05/31/2019","3.8339","3.8557","3.8575","3.8300","","-0.53%"
"05/30/2019","3.8544","3.8572","3.8589","3.8477","","-0.05%"
"05/29/2019","3.8565","3.8507","3.8642","3.8459","","0.17%"
"05/28/2019","3.8500","3.8321","3.8514","3.8295","","0.50%"
"05/27/2019","3.8309","3.8290","3.8394","3.8265","","0.05%"
"05/24/2019","3.8291","3.8500","3.8530","3.8268","","-0.54%"
"05/23/2019","3.8498","3.8613","3.8780","3.8477","","-0.27%"
"05/22/2019","3.8603","3.8579","3.8676","3.8493","","0.09%"
"05/21/2019","3.8570","3.8507","3.8678","3.8463","","0.14%"
"05/20/2019","3.8516","3.8598","3.8612","3.8458","","-0.20%"
"05/17/2019","3.8592","3.8496","3.8620","3.8463","","0.27%"
"05/16/2019","3.8489","3.8394","3.8544","3.8239","","0.27%"
"05/15/2019","3.8386","3.8463","3.8568","3.8353","","-0.17%"
"05/14/2019","3.8452","3.8377","3.8472","3.8282","","0.20%"
"05/13/2019","3.8375","3.8240","3.8381","3.8194","","0.34%"
"05/10/2019","3.8244","3.8331","3.8340","3.8189","","-0.20%"
"05/09/2019","3.8320","3.8349","3.8475","3.8213","","-0.07%"
"05/08/2019","3.8347","3.8331","3.8400","3.8251","","0.06%"
"05/07/2019","3.8325","3.8261","3.8438","3.8173","","0.19%"
"05/06/2019","3.8254","3.8182","3.8403","3.8170","","0.21%"
"05/03/2019","3.8174","3.8354","3.8491","3.8165","","-0.45%"
"05/02/2019","3.8348","3.8259","3.8375","3.8149","","0.24%"
"05/01/2019","3.8256","3.8212","3.8291","3.8000","","0.12%"
"04/30/2019","3.8209","3.8389","3.8440","3.8148","","-0.40%"
"04/29/2019","3.8362","3.8554","3.8563","3.8365","","-0.46%"
"04/26/2019","3.8540","3.8551","3.8586","3.8396","","0.01%"
"04/25/2019","3.8538","3.8516","3.8651","3.8456","","0.10%"
"04/24/2019","3.8500","3.8156","3.8570","3.8154","","0.90%"
"04/23/2019","3.8155","3.8040","3.8331","3.8028","","0.31%"
"04/22/2019","3.8037","3.8080","3.8107","3.8015","","-0.09%"
"04/19/2019","3.8070","3.8096","3.8112","3.8010","","-0.03%"
"04/18/2019","3.8081","3.7810","3.8145","3.7773","","0.74%"
"04/17/2019","3.7801","3.7874","3.7912","3.7737","","-0.17%"
"04/16/2019","3.7865","3.7819","3.7900","3.7765","","0.13%"
"04/15/2019","3.7815","3.7863","3.7880","3.7750","","-0.11%"
"04/12/2019","3.7857","3.8059","3.8068","3.7755","","-0.50%"
"04/11/2019","3.8049","3.7966","3.8074","3.7908","","0.25%"
"04/10/2019","3.7956","3.8047","3.8134","3.7932","","-0.24%"
"04/09/2019","3.8049","3.8066","3.8103","3.7957","","-0.01%"
"04/08/2019","3.8051","3.8256","3.8276","3.8008","","-0.52%"
"04/05/2019","3.8251","3.8215","3.8293","3.8128","","0.12%"
"04/04/2019","3.8206","3.8187","3.8312","3.8124","","0.06%"
"04/03/2019","3.8184","3.8355","3.8384","3.8099","","-0.43%"
"04/02/2019","3.8347","3.8301","3.8449","3.8293","","0.16%"
"04/01/2019","3.8287","3.8330","3.8370","3.8225","","-0.21%"
"03/29/2019","3.8369","3.8277","3.8410","3.8193","","0.27%"
"03/28/2019","3.8265","3.8183","3.8324","3.8126","","0.22%"
"03/27/2019","3.8180","3.8089","3.8219","3.8042","","0.26%"
"03/26/2019","3.8080","3.7936","3.8112","3.7892","","0.39%"
"03/25/2019","3.7932","3.8040","3.8087","3.7866","","-0.28%"
"03/22/2019","3.8037","3.7682","3.8150","3.7571","","0.94%"
"03/21/2019","3.7682","3.7490","3.7815","3.7404","","0.52%"
"03/20/2019","3.7486","3.7769","3.7826","3.7394","","-0.72%"
"03/19/2019","3.7759","3.7847","3.7889","3.7734","","-0.21%"
"03/18/2019","3.7838","3.7968","3.7996","3.7818","","-0.32%"
"03/15/2019","3.7960","3.8063","3.8096","3.7918","","-0.25%"
"03/14/2019","3.8054","3.7956","3.8115","3.7916","","0.28%"
"03/13/2019","3.7949","3.8085","3.8149","3.7925","","-0.37%"
"03/12/2019","3.8090","3.8242","3.8273","3.8031","","-0.37%"
"03/11/2019","3.8230","3.8296","3.8348","3.8168","","-0.17%"
"03/08/2019","3.8297","3.8542","3.8578","3.8213","","-0.61%"
"03/07/2019","3.8532","3.8015","3.8605","3.7980","","1.37%"
"03/06/2019","3.8010","3.8036","3.8105","3.7949","","-0.09%"
"03/05/2019","3.8043","3.7910","3.8103","3.7897","","0.38%"
"03/04/2019","3.7899","3.7882","3.8031","3.7834","","0.07%"
"03/01/2019","3.7873","3.7852","3.7940","3.7731","","0.05%"
"02/28/2019","3.7854","3.7961","3.7977","3.7713","","-0.26%"
"02/27/2019","3.7954","3.7954","3.8064","3.7848","","0.02%"
"02/26/2019","3.7945","3.8196","3.8235","3.7916","","-0.63%"
"02/25/2019","3.8187","3.8256","3.8298","3.8131","","-0.19%"
"02/22/2019","3.8258","3.8242","3.8338","3.8154","","0.05%"
"02/21/2019","3.8238","3.8201","3.8331","3.8088","","0.12%"
"02/20/2019","3.8192","3.8186","3.8345","3.8091","","0.04%"
"02/19/2019","3.8177","3.8282","3.8472","3.8135","","-0.24%"
"02/18/2019","3.8270","3.8352","3.8370","3.8193","","-0.19%"
"02/15/2019","3.8343","3.8326","3.8577","3.8278","","0.06%"
"02/14/2019","3.8321","3.8528","3.8602","3.8328","","-0.51%"
"02/13/2019","3.8517","3.8226","3.8544","3.8147","","0.79%"
"02/12/2019","3.8215","3.8359","3.8454","3.8180","","-0.37%"
"02/11/2019","3.8357","3.8049","3.8403","3.8031","","0.74%"
"02/08/2019","3.8076","3.7978","3.8120","3.7936","","0.28%"
"02/07/2019","3.7969","3.7817","3.8012","3.7765","","0.40%"
"02/06/2019","3.7816","3.7587","3.7848","3.7566","","0.64%"
"02/05/2019","3.7577","3.7469","3.7616","3.7452","","0.32%"
"02/04/2019","3.7458","3.7425","3.7529","3.7356","","0.06%"
"02/01/2019","3.7435","3.7230","3.7473","3.7196","","0.57%"
"01/31/2019","3.7221","3.7331","3.7335","3.7074","","-0.27%"
"01/30/2019","3.7321","3.7565","3.7616","3.7236","","-0.64%"
"01/29/2019","3.7563","3.7576","3.7660","3.7490","","-0.01%"
"01/28/2019","3.7567","3.7586","3.7708","3.7496","","-0.03%"
"01/25/2019","3.7578","3.7912","3.7948","3.7536","","-0.90%"
"01/24/2019","3.7921","3.7677","3.8026","3.7658","","0.64%"
"01/23/2019","3.7679","3.7729","3.7795","3.7662","","-0.13%"
"01/22/2019","3.7729","3.7691","3.7809","3.7670","","0.10%"
"01/21/2019","3.7691","3.7761","3.7803","3.7654","","-0.14%"
"01/18/2019","3.7742","3.7633","3.7797","3.7599","","0.28%"
"01/17/2019","3.7635","3.7580","3.7710","3.7542","","0.14%"
"01/16/2019","3.7582","3.7616","3.7694","3.7517","","-0.06%"
"01/15/2019","3.7605","3.7418","3.7752","3.7342","","0.51%"
"01/14/2019","3.7414","3.7433","3.7536","3.7367","","-0.02%"
"01/11/2019","3.7422","3.7340","3.7496","3.7207","","0.19%"
"01/10/2019","3.7351","3.7269","3.7397","3.7176","","0.23%"
"01/09/2019","3.7264","3.7553","3.7580","3.7203","","-0.77%"
"01/08/2019","3.7555","3.7443","3.7681","3.7401","","0.28%"
"01/07/2019","3.7449","3.7671","3.7673","3.7414","","-0.57%"